,Timestamp,Marketcap,Price,Date
0,1648796692848,8290721290.161122,28.439955515616077,2022-04-01 07:04:52.848
1,1648800401955,8362974794.296592,28.680300120196225,2022-04-01 08:06:41.955
2,1648804024458,8368933423.713002,28.55055468578747,2022-04-01 09:07:04.458
3,1648807371722,8298143774.860573,28.470867332916377,2022-04-01 10:02:51.722
4,1648810894557,8289273111.339303,28.499731470641287,2022-04-01 11:01:34.557
5,1648814533494,8291264937.593277,28.34800335221688,2022-04-01 12:02:13.494
6,1648818093503,8280748008.190804,28.42462411878577,2022-04-01 13:01:33.503
7,1648821721753,8381300561.905756,28.60931987104481,2022-04-01 14:02:01.753
8,1648825364711,8477405613.750302,29.14493232197522,2022-04-01 15:02:44.711
9,1648828880012,8547737107.957025,29.30096805571094,2022-04-01 16:01:20.012
10,1648832524128,8552240414.424676,29.208540044013024,2022-04-01 17:02:04.128
11,1648836164961,8618663285.667263,29.557642074668312,2022-04-01 18:02:44.961
12,1648839699599,8607249221.504255,29.54288182855076,2022-04-01 19:01:39.599
13,1648843265766,8593938443.371334,29.545750220263272,2022-04-01 20:01:05.766
14,1648846943230,8581481172.42222,29.368489169795957,2022-04-01 21:02:23.230
15,1648850459020,8596192675.889162,29.50781906422281,2022-04-01 22:00:59.020
16,1648854114319,8548911408.103357,29.33793742984235,2022-04-01 23:01:54.319
17,1648857654809,8547292475.014626,29.37572480046033,2022-04-02 00:00:54.809
18,1648861406668,8645060422.136005,29.673044213641592,2022-04-02 01:03:26.668
19,1648864897236,8746724326.98121,30.02790373082208,2022-04-02 02:01:37.236
20,1648868437413,8672953065.051811,29.739707150918576,2022-04-02 03:00:37.413
21,1648872054569,8709091047.941835,29.885964785960425,2022-04-02 04:00:54.569
22,1648875760131,8739458380.944483,29.96378630248069,2022-04-02 05:02:40.131
23,1648879928343,8754150860.614061,30.002735700903628,2022-04-02 06:12:08.343
24,1648882922596,8726428347.56884,29.95553576076733,2022-04-02 07:02:02.596
25,1648886570608,8776390604.332808,30.08016904245421,2022-04-02 08:02:50.608
26,1648890545346,8829279697.93299,30.261899811306314,2022-04-02 09:09:05.346
27,1648893667274,8815423735.749146,30.366467436536723,2022-04-02 10:01:07.274
28,1648897228324,8852629468.011106,30.37338285051636,2022-04-02 11:00:28.324
29,1648900949204,8825124411.073784,30.188711969716845,2022-04-02 12:02:29.204
30,1648904574418,8857253615.880945,30.349085217979017,2022-04-02 13:02:54.418
31,1648908038181,8957197016.04584,30.656777112879464,2022-04-02 14:00:38.181
32,1648911693058,8812559011.965014,30.27205148707957,2022-04-02 15:01:33.058
33,1648915346760,8685180132.613785,29.76275289414908,2022-04-02 16:02:26.760
34,1648918826220,9082945433.731556,31.183357840002703,2022-04-02 17:00:26.220
35,1648922521005,9106529023.576843,31.22878620366265,2022-04-02 18:02:01.005
36,1648926203179,9258117751.009436,31.824743101380943,2022-04-02 19:03:23.179
37,1648929687490,9337134437.993113,32.04760096749935,2022-04-02 20:01:27.490
38,1648933334384,9522899500.44738,32.66321128016362,2022-04-02 21:02:14.384
39,1648936909291,9416093791.01077,32.22006564461832,2022-04-02 22:01:49.291
40,1648940492233,9256557971.49633,31.634689816875145,2022-04-02 23:01:32.233
41,1648944109399,9226831836.498602,31.356491359195907,2022-04-03 00:01:49.399
42,1648947699377,9157360552.414757,31.300098213074147,2022-04-03 01:01:39.377
43,1648951268628,8990769793.189495,30.846603228085318,2022-04-03 02:01:08.628
44,1648955002368,9120222533.884308,31.106523217102616,2022-04-03 03:03:22.368
45,1648958540868,9199137618.984833,31.64581645059065,2022-04-03 04:02:20.868
46,1648962141164,9310975002.139486,32.06794537879957,2022-04-03 05:02:21.164
47,1648965692818,9333673943.644072,32.10555613700235,2022-04-03 06:01:32.818
48,1648969215361,9470119594.845922,32.75722351890777,2022-04-03 07:00:15.361
49,1648972856134,9567950815.106953,32.64731032613366,2022-04-03 08:00:56.134
50,1648977133541,9498756981.118933,32.298463372220006,2022-04-03 09:12:13.541
51,1648980091227,9595848383.692366,32.76686782766337,2022-04-03 10:01:31.227
52,1648983728539,9682947033.663012,32.97809395710114,2022-04-03 11:02:08.539
53,1648987303377,9644688145.657082,33.06083639539066,2022-04-03 12:01:43.377
54,1648990877810,9590736277.521458,32.87412200479688,2022-04-03 13:01:17.810
55,1648994560241,9580426318.86329,32.73803455573287,2022-04-03 14:02:40.241
56,1648998106901,9490344827.217695,32.5574473344776,2022-04-03 15:01:46.901
57,1649001665829,9489677997.741556,32.38652685174301,2022-04-03 16:01:05.829
58,1649005230266,9444167107.854992,32.40994113055041,2022-04-03 17:00:30.266
59,1649008906986,9342359176.595615,31.909989650173618,2022-04-03 18:01:46.986
60,1649012610683,9301552616.514082,32.062617220785185,2022-04-03 19:03:30.683
61,1649016072650,9295860639.4495,31.837290703118672,2022-04-03 20:01:12.650
62,1649019652420,9330534458.09593,31.85077652280901,2022-04-03 21:00:52.420
63,1649023263393,9433965621.70461,32.19452023182053,2022-04-03 22:01:03.393
64,1649026866793,9519686505.391705,32.42458032573373,2022-04-03 23:01:06.793
65,1649030567659,9326112852.481504,31.93009046024804,2022-04-04 00:02:47.659
66,1649034032900,9304881981.101978,31.833300739976995,2022-04-04 01:00:32.900
67,1649037737731,9313022250.116953,32.109038521145365,2022-04-04 02:02:17.731
68,1649041344287,9314467787.476831,32.0131928025015,2022-04-04 03:02:24.287
69,1649044890005,9360442395.011885,31.97544722285725,2022-04-04 04:01:30.005
70,1649048476814,9321796545.806494,31.96869722002717,2022-04-04 05:01:16.814
71,1649052104365,9407712421.744375,32.208780819725064,2022-04-04 06:01:44.365
72,1649055795964,9463703503.428013,32.47037635673596,2022-04-04 07:03:15.964
73,1649059386297,9476605321.36405,32.438829745267704,2022-04-04 08:03:06.297
74,1649063386138,9412142988.082035,32.03264404600757,2022-04-04 09:09:46.138
75,1649066558109,9286946876.115677,31.682441990560392,2022-04-04 10:02:38.109
76,1649070133668,9100337264.03467,31.27755149981569,2022-04-04 11:02:13.668
77,1649073660387,9163725689.569777,31.329832695462144,2022-04-04 12:01:00.387
78,1649077322874,9069890829.750526,30.968028153244973,2022-04-04 13:02:02.874
79,1649080952994,9089450945.468285,31.20557668907281,2022-04-04 14:02:32.994
80,1649084652733,9045586494.91038,30.710015815203583,2022-04-04 15:04:12.733
81,1649088472647,8892657201.343176,30.455913206223308,2022-04-04 16:07:52.647
82,1649091808646,8985387706.144001,30.831179911163726,2022-04-04 17:03:28.646
83,1649095384490,8868347729.893122,30.243544818751147,2022-04-04 18:03:04.490
84,1649099014950,8932244044.447577,30.62301999294786,2022-04-04 19:03:34.950
85,1649102709721,9039821972.00217,30.96684181925096,2022-04-04 20:05:09.721
86,1649106104000,9100928364.574074,31.14283309127022,2022-04-04 21:01:44.000
87,1649109716813,9107728913.47132,31.17174186966373,2022-04-04 22:01:56.813
88,1649113352351,9079278188.595436,31.166551176164628,2022-04-04 23:02:32.351
89,1649116895337,9008278077.978205,30.889275315519647,2022-04-05 00:01:35.337
90,1649120909462,8875910504.77038,30.32698957565333,2022-04-05 01:08:29.462
91,1649124207607,8932346531.58052,30.51900947032813,2022-04-05 02:03:27.607
92,1649127733379,8942970908.86064,30.713723358475995,2022-04-05 03:02:13.379
93,1649131462656,8999121198.208263,30.817748498593076,2022-04-05 04:04:22.656
94,1649134926179,9070967843.349655,30.98522033281407,2022-04-05 05:02:06.179
95,1649138575690,9007507829.10292,30.89194507762988,2022-04-05 06:02:55.690
96,1649142286932,8969016533.862463,30.59161743149388,2022-04-05 07:04:46.932
97,1649145794072,9008457855.675465,30.85810727409552,2022-04-05 08:03:14.072
98,1649149636635,8985634632.483435,30.760120983114,2022-04-05 09:07:16.635
99,1649152972809,8935180816.994165,30.52997219911727,2022-04-05 10:02:52.809
100,1649156521174,8952692177.130318,30.67989114553104,2022-04-05 11:02:01.174
101,1649160162337,8905503415.061543,30.52592113748647,2022-04-05 12:02:42.337
102,1649163706615,9043723141.710903,30.951192622855903,2022-04-05 13:01:46.615
103,1649167424241,8930274485.086725,30.47646420830454,2022-04-05 14:03:44.241
104,1649170895311,8762752442.315859,30.07188710269049,2022-04-05 15:01:35.311
105,1649174595850,8757569329.966646,29.97893856835809,2022-04-05 16:03:15.850
106,1649178051732,8711025111.938717,29.87667922309688,2022-04-05 17:00:51.732
107,1649181619561,8827973403.432873,30.194601489146663,2022-04-05 18:00:19.561
108,1649185209049,8778362396.795961,30.018837173356832,2022-04-05 19:00:09.049
109,1649188930877,8761496940.235598,30.02808097100464,2022-04-05 20:02:10.877
110,1649192445527,8642834755.573568,29.631776809854568,2022-04-05 21:00:45.527
111,1649196103510,8656185116.812273,29.637046222837128,2022-04-05 22:01:43.510
112,1649199746657,8666087918.564518,29.64046197161089,2022-04-05 23:02:26.657
113,1649203371766,8619268358.278814,29.337570499612795,2022-04-06 00:02:51.766
114,1649207291812,8483752264.922791,29.02429751686769,2022-04-06 01:08:11.812
115,1649210493100,8471131696.857149,28.969565824977124,2022-04-06 02:01:33.100
116,1649214187560,8500774830.329312,29.01943281719195,2022-04-06 03:03:07.560
117,1649217700651,8447902910.968151,28.802480687766234,2022-04-06 04:01:40.651
118,1649221308234,8460242613.447928,29.0344814464417,2022-04-06 05:01:48.234
119,1649224838144,8508341883.206093,29.1366635230045,2022-04-06 06:00:38.144
120,1649228563958,8511608597.79829,29.24541070061236,2022-04-06 07:02:43.958
121,1649232096534,8554521319.763566,29.21124237974424,2022-04-06 08:01:36.534
122,1649235987205,8499290436.737046,29.13581256069109,2022-04-06 09:06:27.205
123,1649239269126,8501403374.301365,29.0579834973858,2022-04-06 10:01:09.126
124,1649242861733,8458309335.556821,28.972528636424958,2022-04-06 11:01:01.733
125,1649246438954,8354169464.812978,28.556704391392604,2022-04-06 12:00:38.954
126,1649250401020,8309244982.277193,28.4098532893566,2022-04-06 13:06:41.020
127,1649253639026,8193824697.501548,27.9046958150061,2022-04-06 14:00:39.026
128,1649257217663,8120147493.810983,27.79961980347618,2022-04-06 15:00:17.663
129,1649260900918,8095928752.91665,27.77443399162084,2022-04-06 16:01:40.918
130,1649264463887,8001305557.502141,27.392033507977608,2022-04-06 17:01:03.887
131,1649268132962,8000860095.580993,27.50549643229032,2022-04-06 18:02:12.962
132,1649271629870,8014542273.799303,27.4788336892044,2022-04-06 19:00:29.870
133,1649275341964,8039348334.81853,27.587523512930307,2022-04-06 20:02:21.964
134,1649278901600,8095007997.231028,27.70814441910579,2022-04-06 21:01:41.600
135,1649282583154,8062887310.345273,27.629937299723323,2022-04-06 22:03:03.154
136,1649286183923,7917834987.211219,27.10111643602316,2022-04-06 23:03:03.923
137,1649289791282,7876472319.348237,26.85019606893456,2022-04-07 00:03:11.282
138,1649293310492,7762615045.15992,26.569182318792272,2022-04-07 01:01:50.492
139,1649296915516,7886493253.356967,27.078312779487245,2022-04-07 02:01:55.516
140,1649300572135,7912789252.571734,27.2240322722817,2022-04-07 03:02:52.135
141,1649304178938,7931478394.411621,27.152912677560423,2022-04-07 04:02:58.938
142,1649307736834,7903823390.113978,27.176072675945708,2022-04-07 05:02:16.834
143,1649311311222,7927226305.760134,27.13094309922819,2022-04-07 06:01:51.222
144,1649314898265,7986999345.086244,27.36905422987736,2022-04-07 07:01:38.265
145,1649318601307,8044700843.43346,27.558478635887948,2022-04-07 08:03:21.307
146,1649322345242,8025793171.773689,27.460698294099966,2022-04-07 09:05:45.242
147,1649326414445,7974259085.88877,27.275359550877265,2022-04-07 10:13:34.445
148,1649329321953,7959276699.174927,27.32044625835761,2022-04-07 11:02:01.953
149,1649332925683,8060801500.4993105,27.54599772953309,2022-04-07 12:02:05.683
150,1649336573414,8036320201.000559,27.443270555372884,2022-04-07 13:02:53.414
151,1649340142984,7988112697.848081,27.444801670719944,2022-04-07 14:02:22.984
152,1649343635017,7962324072.045713,27.17696833761182,2022-04-07 15:00:35.017
153,1649347469509,7903660437.819653,27.213518843594656,2022-04-07 16:04:29.509
154,1649351039628,7963258078.432148,27.295398144512312,2022-04-07 17:03:59.628
155,1649354497929,8008894794.086008,27.40653909011399,2022-04-07 18:01:37.929
156,1649358019320,8062450088.217312,27.633944174922004,2022-04-07 19:00:19.320
157,1649361746968,8052636983.917033,27.531076936386675,2022-04-07 20:02:26.968
158,1649365303985,8083752069.948417,27.647321274916976,2022-04-07 21:01:43.985
159,1649368937898,8019298246.000293,27.443382353855025,2022-04-07 22:02:17.898
160,1649372534044,8068640278.374452,27.736808059282037,2022-04-07 23:02:14.044
161,1649376142993,8124195282.470744,27.737574302350843,2022-04-08 00:02:22.993
162,1649379603437,8080909290.850582,27.585789918654832,2022-04-08 01:00:03.437
163,1649383347282,8123053408.810277,27.79241640005348,2022-04-08 02:02:27.282
164,1649386919254,8147957697.470063,27.82930781665935,2022-04-08 03:01:59.254
165,1649390410358,8123634092.423959,27.862780679903263,2022-04-08 04:00:10.358
166,1649394148913,8121154963.989232,27.844118111365106,2022-04-08 05:02:28.913
167,1649397726453,8177288185.117735,27.93979188070322,2022-04-08 06:02:06.453
168,1649401283025,8170944948.777568,27.95725249457952,2022-04-08 07:01:23.025
169,1649404955488,8102530473.370319,27.90691320913104,2022-04-08 08:02:35.488
170,1649408504547,8202808207.99684,27.99086174132744,2022-04-08 09:01:44.547
171,1649412222129,8137944769.332543,27.801846326854704,2022-04-08 10:03:42.129
172,1649415756734,8095950073.664575,27.65624694189199,2022-04-08 11:02:36.734
173,1649419334456,7994086884.290688,27.22951150673245,2022-04-08 12:02:14.456
174,1649422883133,7944301401.26554,27.15783491482787,2022-04-08 13:01:23.133
175,1649426489571,7975956579.910707,27.429254802717537,2022-04-08 14:01:29.571
176,1649430220934,8371752872.545298,28.720583196046167,2022-04-08 15:03:40.934
177,1649433776951,8347548682.086138,28.499661691404008,2022-04-08 16:02:56.951
178,1649437359192,8281610464.855082,28.2328218318298,2022-04-08 17:02:39.192
179,1649440922264,8211794569.48984,28.13027830348531,2022-04-08 18:02:02.264
180,1649444573120,8209432665.189377,28.084618843269823,2022-04-08 19:02:53.120
181,1649448113684,8145722005.446202,27.81466705793385,2022-04-08 20:01:53.684
182,1649451742056,8111795404.759432,27.7709427931084,2022-04-08 21:02:22.056
183,1649455369630,8047506042.267923,27.37352697029876,2022-04-08 22:02:49.630
184,1649458945499,7921557322.555131,27.09845723397645,2022-04-08 23:02:25.499
185,1649462644971,7826780881.97016,26.89596564987625,2022-04-09 00:04:04.971
186,1649466189444,7928927819.219211,27.15869561560438,2022-04-09 01:03:09.444
187,1649469721004,7901419920.906876,27.13835989903778,2022-04-09 02:02:01.004
188,1649473435978,7865159056.171766,26.757997373437203,2022-04-09 03:03:55.978
189,1649477020900,7866774164.327084,26.95443787643573,2022-04-09 04:03:40.900
190,1649480605455,7937891276.655957,27.04770520273781,2022-04-09 05:03:25.455
191,1649484059362,7923082550.588081,27.1489172429508,2022-04-09 06:00:59.362
192,1649487729622,7922806046.957749,27.07106794033691,2022-04-09 07:02:09.622
193,1649491367453,7897166880.148111,27.09792058129896,2022-04-09 08:02:47.453
194,1649494985076,7949017142.045221,27.22712500087066,2022-04-09 09:03:05.076
195,1649498446395,7916979775.143308,27.144969322502696,2022-04-09 10:00:46.395
196,1649502161287,7928182375.3001585,27.12300486154218,2022-04-09 11:02:41.287
197,1649505806302,7938785924.740504,27.082606118373327,2022-04-09 12:03:26.302
198,1649509425075,7940755006.883311,27.210992176686755,2022-04-09 13:03:45.075
199,1649512897175,8009736805.9929,27.29850715147481,2022-04-09 14:01:37.175
200,1649516656646,7918782048.768851,27.148751299774933,2022-04-09 15:04:16.646
201,1649520085217,7869487847.36716,26.84397312940685,2022-04-09 16:01:25.217
202,1649523739235,7919175312.762018,27.075812536674704,2022-04-09 17:02:19.235
203,1649527420838,7938995426.83761,27.15253236935196,2022-04-09 18:03:40.838
204,1649530971042,7882029761.956955,26.931646444373577,2022-04-09 19:02:51.042
205,1649534459768,7867573769.332358,26.95145785126399,2022-04-09 20:00:59.768
206,1649538116988,7895680073.124391,26.95772295558674,2022-04-09 21:01:56.988
207,1649541726574,7911797416.404618,27.0343213662804,2022-04-09 22:02:06.574
208,1649545351410,7920997106.808615,27.04499934531251,2022-04-09 23:02:31.410
209,1649548976466,7977745097.766384,27.30296609583466,2022-04-10 00:02:56.466
210,1649552402530,7952009107.992755,27.18826218887896,2022-04-10 01:00:02.530
211,1649556105780,7982121915.534079,27.26789054683241,2022-04-10 02:01:45.780
212,1649559629210,7988945988.817781,27.39065192873442,2022-04-10 03:00:29.210
213,1649563337741,7985352030.841857,27.29858232375165,2022-04-10 04:02:17.741
214,1649566933284,7957799219.409418,27.1914491604165,2022-04-10 05:02:13.284
215,1649570550999,7919099110.593873,27.0416801237384,2022-04-10 06:02:30.999
216,1649574142397,7935721727.208319,27.134952768008564,2022-04-10 07:02:22.397
217,1649577710188,7909633673.425815,26.99945951698737,2022-04-10 08:01:50.188
218,1649581358008,7874321105.287671,26.95085775119349,2022-04-10 09:02:38.008
219,1649584971253,7882157861.490014,26.92493203320697,2022-04-10 10:02:51.253
220,1649588412589,7884346187.578155,26.957680096695714,2022-04-10 11:00:12.589
221,1649592174073,7902297689.287338,27.02057289528276,2022-04-10 12:02:54.073
222,1649595777314,7876491249.119321,26.859138536996504,2022-04-10 13:02:57.314
223,1649599346394,7759910419.367866,26.533733144897745,2022-04-10 14:02:26.394
224,1649602933693,7821720182.016398,26.738010366830547,2022-04-10 15:02:13.693
225,1649606619983,7826542255.660888,26.79804343880618,2022-04-10 16:03:39.983
226,1649610169180,7886728968.505991,26.9830305858733,2022-04-10 17:02:49.180
227,1649613622183,7978643632.725155,27.273777094315903,2022-04-10 18:00:22.183
228,1649617414217,7977131008.246887,27.28388688708579,2022-04-10 19:03:34.217
229,1649621012650,7985880790.899221,27.25965158337293,2022-04-10 20:03:32.650
230,1649624562046,7975467714.934294,27.21366845249895,2022-04-10 21:02:42.046
231,1649628153223,7893486819.952122,26.98712303142136,2022-04-10 22:02:33.223
232,1649631775546,7772050389.379031,26.680572462950693,2022-04-10 23:02:55.546
233,1649635422026,7844523395.245529,26.65897717746872,2022-04-11 00:03:42.026
234,1649638943641,7686103329.143321,26.293628032914704,2022-04-11 01:02:23.641
235,1649642579980,7730934027.125482,26.37918693784413,2022-04-11 02:02:59.980
236,1649646177440,7638704352.482894,25.941986485567664,2022-04-11 03:02:57.440
237,1649649699611,7603627188.958277,26.065997777853315,2022-04-11 04:01:39.611
238,1649653322282,7683936150.711663,26.29613431587357,2022-04-11 05:02:02.282
239,1649656917176,7702606909.859939,26.341745464383614,2022-04-11 06:01:57.176
240,1649660420727,7682362943.130242,26.245027470480537,2022-04-11 07:00:20.727
241,1649664261576,7709537371.659128,26.3890532652522,2022-04-11 08:04:21.576
242,1649667704452,7709358076.898217,26.369900170612645,2022-04-11 09:01:44.452
243,1649671449698,7519617668.363158,25.513708856963454,2022-04-11 10:04:09.698
244,1649675088908,7419868225.081588,25.464626935248127,2022-04-11 11:04:48.908
245,1649678560101,7375885615.041248,25.162044555192047,2022-04-11 12:02:40.101
246,1649682230108,7411435379.154107,25.33448840599247,2022-04-11 13:03:50.108
247,1649685730837,7338004643.259444,25.346981792798413,2022-04-11 14:02:10.837
248,1649689226562,7344603541.606828,25.11835359151977,2022-04-11 15:00:26.562
249,1649692913284,7324643382.830225,24.915910485297196,2022-04-11 16:01:53.284
250,1649696504207,7301207239.108186,25.01134179234365,2022-04-11 17:01:44.207
251,1649700237644,7329618184.359552,25.10707976371946,2022-04-11 18:03:57.644
252,1649703810795,7325815591.785273,25.027794816475154,2022-04-11 19:03:30.795
253,1649707381744,7217999876.998221,24.673943461571294,2022-04-11 20:03:01.744
254,1649710941995,7008774507.842229,23.95576360406505,2022-04-11 21:02:21.995
255,1649714571906,6937271300.205283,23.70946547303856,2022-04-11 22:02:51.906
256,1649718085763,6958431430.314724,23.753981101339942,2022-04-11 23:01:25.763
257,1649721719895,6967798833.094855,23.80180497844765,2022-04-12 00:01:59.895
258,1649725441943,7070275433.929521,24.096596027667765,2022-04-12 01:04:01.943
259,1649728939206,7066453238.193891,24.12081377778209,2022-04-12 02:02:19.206
260,1649732572668,6969405831.856863,23.84409864301133,2022-04-12 03:02:52.668
261,1649736200214,7004849914.625884,23.963759177158128,2022-04-12 04:03:20.214
262,1649739753649,7065018126.235298,24.205069856745908,2022-04-12 05:02:33.649
263,1649743328356,7142467499.585253,24.533480573761988,2022-04-12 06:02:08.356
264,1649747056437,7185169868.11204,24.53401795425664,2022-04-12 07:04:16.437
265,1649750607835,7246125118.594929,24.765781894145924,2022-04-12 08:03:27.835
266,1649754027340,7247568642.409676,24.77220958237301,2022-04-12 09:00:27.340
267,1649757728686,7228118337.478757,24.71996952942604,2022-04-12 10:02:08.686
268,1649761368965,7221726556.627578,24.670396561096894,2022-04-12 11:02:48.965
269,1649764893250,7318744031.482976,25.00036209123176,2022-04-12 12:01:33.250
270,1649768683028,7344115680.268344,25.19702562912784,2022-04-12 13:04:43.028
271,1649772074924,7382830117.866297,25.216044949825623,2022-04-12 14:01:14.924
272,1649775831772,7193929282.330526,24.478662774584127,2022-04-12 15:03:51.772
273,1649779311126,7261127160.7762575,24.65106451003306,2022-04-12 16:01:51.126
274,1649783056936,7239624966.41797,24.743565696045746,2022-04-12 17:04:16.936
275,1649786537590,7213287550.095025,24.629878035667986,2022-04-12 18:02:17.590
276,1649790107932,7102941592.781011,24.233586542670505,2022-04-12 19:01:47.932
277,1649793712714,7086266525.71699,24.06628358023056,2022-04-12 20:01:52.714
278,1649797381290,7136765886.945925,24.49237126293883,2022-04-12 21:03:01.290
279,1649800924037,7200415750.223526,24.66646961065269,2022-04-12 22:02:04.037
280,1649804569209,7130348020.588487,24.50247123641935,2022-04-12 23:02:49.209
281,1649808049607,7235814270.291083,24.752463363691003,2022-04-13 00:00:49.607
282,1649811790892,7231871951.928631,24.590577237729605,2022-04-13 01:03:10.892
283,1649815324449,7193233624.189481,24.637963796565128,2022-04-13 02:02:04.449
284,1649818828535,7232306887.669198,24.65032246539974,2022-04-13 03:00:28.535
285,1649822572468,7241786500.486389,24.663644886501118,2022-04-13 04:02:52.468
286,1649826068477,7217416409.526788,24.660555746732584,2022-04-13 05:01:08.477
287,1649829732678,7245621821.979866,24.82500852367683,2022-04-13 06:02:12.678
288,1649833467260,7249419108.41061,24.606183911260818,2022-04-13 07:04:27.260
289,1649837013677,7226427358.1623745,24.76039176230369,2022-04-13 08:03:33.677
290,1649840527775,7236098912.895952,24.72145751314038,2022-04-13 09:02:07.775
291,1649844075965,7207754928.655197,24.663925050499444,2022-04-13 10:01:15.965
292,1649847720278,7165335435.740664,24.465688717583863,2022-04-13 11:02:00.278
293,1649851493122,7148869390.706107,24.396055427669097,2022-04-13 12:04:53.122
294,1649854952086,7118408301.888311,24.27390325635092,2022-04-13 13:02:32.086
295,1649858560434,7206790405.321528,24.703967877500972,2022-04-13 14:02:40.434
296,1649862136372,7255423211.405002,24.770084783521597,2022-04-13 15:02:16.372
297,1649865724129,7337945192.669152,25.054916482833697,2022-04-13 16:02:04.129
298,1649869233365,7315579323.678141,24.90025645325272,2022-04-13 17:00:33.365
299,1649872888180,7272765087.078076,24.821805478205405,2022-04-13 18:01:28.180
300,1649876629468,7308572048.113059,25.027012361998697,2022-04-13 19:03:49.468
301,1649880121884,7280827478.116354,24.86251219787931,2022-04-13 20:02:01.884
302,1649883732074,7275494443.044969,24.92970361167184,2022-04-13 21:02:12.074
303,1649887280300,7283931758.100648,24.94448294168486,2022-04-13 22:01:20.300
304,1649890875498,7239198859.234847,24.68473236836111,2022-04-13 23:01:15.498
305,1649894586177,7242121311.090066,24.74117064681947,2022-04-14 00:03:06.177
306,1649898649266,7222030003.618974,24.66554088618269,2022-04-14 01:10:49.266
307,1649901801827,7273847072.433289,25.01527650566933,2022-04-14 02:03:21.827
308,1649905216748,7306080714.994289,25.02436282369101,2022-04-14 03:00:16.748
309,1649908921433,7265650155.138384,24.80324646969476,2022-04-14 04:02:01.433
310,1649912538900,7253146024.347778,24.79093259815545,2022-04-14 05:02:18.900
311,1649916176834,7305208290.263662,24.99514837756328,2022-04-14 06:02:56.834
312,1649919781372,7296597581.133312,24.92621294313185,2022-04-14 07:03:01.372
313,1649923253079,7320411595.687065,25.019677964009126,2022-04-14 08:00:53.079
314,1649926941524,7294516338.23052,24.87621481901954,2022-04-14 09:02:21.524
315,1649930548455,7272296077.899723,24.875871497277075,2022-04-14 10:02:28.455
316,1649934203316,7213167966.856388,24.65314105253053,2022-04-14 11:03:23.316
317,1649937832825,7186565485.980739,24.5622191834727,2022-04-14 12:03:52.825
318,1649941422266,7250468349.592946,24.794625583020974,2022-04-14 13:03:42.266
319,1649944966110,7198955961.170481,24.431485618948702,2022-04-14 14:02:46.110
320,1649948557536,7125570510.991193,24.35765690707624,2022-04-14 15:02:37.536
321,1649952143244,7028795001.053736,23.994493809643004,2022-04-14 16:02:23.244
322,1649955761852,6993518624.268557,23.924858078667235,2022-04-14 17:02:41.852
323,1649959419707,7033521732.118327,24.13170243212341,2022-04-14 18:03:39.707
324,1649962972814,7038151005.664867,23.902667133357383,2022-04-14 19:02:52.814
325,1649966565766,7015098703.98834,24.00193895376578,2022-04-14 20:02:45.766
326,1649970085675,7027256889.263802,24.0239953715798,2022-04-14 21:01:25.675
327,1649973853997,7025315493.920141,24.053209586675468,2022-04-14 22:04:13.997
328,1649977227231,7027565079.985168,23.933457462035065,2022-04-14 23:00:27.231
329,1649980935140,7034354729.808087,23.991448077230103,2022-04-15 00:02:15.140
330,1649984851197,7016243341.355132,23.951544941622203,2022-04-15 01:07:31.197
331,1649988212024,7043695281.093103,24.084221978675856,2022-04-15 02:03:32.024
332,1649991864363,7080789678.467853,24.21205446106113,2022-04-15 03:04:24.363
333,1649995257333,7119367826.481751,24.324714790474093,2022-04-15 04:00:57.333
334,1649998917398,7088104210.826393,24.162519465727687,2022-04-15 05:01:57.398
335,1650002405033,7100872258.31841,24.20897158910114,2022-04-15 06:00:05.033
336,1650006138882,7027608428.836879,24.073595823879156,2022-04-15 07:02:18.882
337,1650009694592,7023187681.414609,24.142259893282837,2022-04-15 08:01:34.592
338,1650013429362,7049200339.068424,24.03850979812905,2022-04-15 09:03:49.362
339,1650017000581,7037014164.650095,24.106016979244107,2022-04-15 10:03:20.581
340,1650020481858,7064836220.807636,24.13699883612345,2022-04-15 11:01:21.858
341,1650024154441,7059326809.792442,24.175991354874363,2022-04-15 12:02:34.441
342,1650027897819,7053666321.632507,24.08588270068619,2022-04-15 13:04:57.819
343,1650031224610,7009580953.194731,23.95732204660605,2022-04-15 14:00:24.610
344,1650035412336,7006624307.865206,23.92237595370175,2022-04-15 15:10:12.336
345,1650038528661,7057035901.531783,24.10612161617532,2022-04-15 16:02:08.661
346,1650042129680,7055489598.770783,24.13710151844718,2022-04-15 17:02:09.680
347,1650045628142,7082806967.381155,24.1886616751041,2022-04-15 18:00:28.142
348,1650049440965,7061169925.1256695,24.121234134480677,2022-04-15 19:04:00.965
349,1650052807214,7048919424.041354,24.07241770748568,2022-04-15 20:00:07.214
350,1650056624565,7068897120.283064,24.21062862915803,2022-04-15 21:03:44.565
351,1650060113349,7082096014.728272,24.20043318321852,2022-04-15 22:01:53.349
352,1650063721474,7045700752.117306,24.092063279017392,2022-04-15 23:02:01.474
353,1650067457063,7066721144.760779,24.146350251558093,2022-04-16 00:04:17.063
354,1650070843862,7088209849.5811615,24.23783244906329,2022-04-16 01:00:43.862
355,1650074589519,7103402948.369244,24.298713714767363,2022-04-16 02:03:09.519
356,1650078118235,7114859704.177983,24.313157446578803,2022-04-16 03:01:58.235
357,1650081687493,7091881983.348885,24.224843380456484,2022-04-16 04:01:27.493
358,1650085351034,7102442718.751622,24.26348006489173,2022-04-16 05:02:31.034
359,1650089012594,7097163597.874771,24.25666171302889,2022-04-16 06:03:32.594
360,1650092582993,7096286514.075899,24.24175675712288,2022-04-16 07:03:02.993
361,1650096141848,7091409084.29186,24.25419702066045,2022-04-16 08:02:21.848
362,1650100091693,7085503192.772544,24.248611065880716,2022-04-16 09:08:11.693
363,1650103345096,7075857834.565127,24.15906481892998,2022-04-16 10:02:25.096
364,1650106937122,7085773101.2366495,24.265736378759247,2022-04-16 11:02:17.122
365,1650110629339,7106528696.722948,24.28951218535572,2022-04-16 12:03:49.339
366,1650114044669,7145806987.939451,24.43392547398891,2022-04-16 13:00:44.669
367,1650117695848,7112649396.630866,24.32156322546987,2022-04-16 14:01:35.848
368,1650121332184,7104889918.476352,24.296449604616303,2022-04-16 15:02:12.184
369,1650125219408,7009908858.32559,23.955200962149977,2022-04-16 16:06:59.408
370,1650128550850,7031079002.329965,24.0528721049628,2022-04-16 17:02:30.850
371,1650132045391,7029326637.941085,23.998096242546392,2022-04-16 18:00:45.391
372,1650135739874,7029426956.320507,24.03838642737593,2022-04-16 19:02:19.874
373,1650139344652,7047650118.502458,24.091090679083894,2022-04-16 20:02:24.652
374,1650142875639,7057812279.270129,24.19348728321028,2022-04-16 21:01:15.639
375,1650146426460,7097950031.538828,24.25816180228792,2022-04-16 22:00:26.460
376,1650150134388,7085647262.145546,24.20169889799165,2022-04-16 23:02:14.388
377,1650153757721,7112479974.129501,24.225860522405306,2022-04-17 00:02:37.721
378,1650157406442,7067319852.494523,24.15466186112253,2022-04-17 01:03:26.442
379,1650161020315,7086861499.071755,24.193615678024926,2022-04-17 02:03:40.315
380,1650164491358,7022937730.098179,24.00053119899373,2022-04-17 03:01:31.358
381,1650168219682,7057921280.528211,24.1099585877505,2022-04-17 04:03:39.682
382,1650171853253,7063925857.288752,24.14644368533701,2022-04-17 05:04:13.253
383,1650175345317,7080878319.935808,24.170826376825133,2022-04-17 06:02:25.317
384,1650178885451,7072156253.647834,24.13870067085655,2022-04-17 07:01:25.451
385,1650182649847,7048822814.503882,24.09144274731115,2022-04-17 08:04:09.847
386,1650186884338,7054950471.302431,24.12620128309651,2022-04-17 09:14:44.338
387,1650189852854,7062637360.927589,24.12662432355146,2022-04-17 10:04:12.854
388,1650193311780,7059262506.227649,24.130640378059443,2022-04-17 11:01:51.780
389,1650196933186,7069577215.6672325,24.16955036618954,2022-04-17 12:02:13.186
390,1650200618930,7081956689.698319,24.219570852072174,2022-04-17 13:03:38.930
391,1650204055954,7116768297.217608,24.29375290788696,2022-04-17 14:00:55.954
392,1650207762821,7101436004.438544,24.27300858104374,2022-04-17 15:02:42.821
393,1650211330660,7127685478.567003,24.365735025082184,2022-04-17 16:02:10.660
394,1650214835484,7129776098.606758,24.34008929176465,2022-04-17 17:00:35.484
395,1650218507468,7084278438.920138,24.181176696484943,2022-04-17 18:01:47.468
396,1650222239299,7038439072.041673,24.04074256016929,2022-04-17 19:03:59.299
397,1650225731036,7043430101.142928,24.14531483600487,2022-04-17 20:02:11.036
398,1650229353442,7050805633.595379,24.070606935451583,2022-04-17 21:02:33.442
399,1650233047567,7043724659.243512,24.103545152304346,2022-04-17 22:04:07.567
400,1650236468123,7002656513.662858,23.85356405775532,2022-04-17 23:01:08.123
401,1650240114109,6792155406.364391,23.27463485723445,2022-04-18 00:01:54.109
402,1650243617965,6828655907.6944895,23.36526037548072,2022-04-18 01:00:17.965
403,1650247387559,6834600890.959159,23.409387219113636,2022-04-18 02:03:07.559
404,1650250981604,6870175565.595473,23.497714856203935,2022-04-18 03:03:01.604
405,1650254731692,6885251509.397132,23.52830268788109,2022-04-18 04:05:31.692
406,1650258695404,6606730841.82904,22.56298577005412,2022-04-18 05:11:35.404
407,1650261812388,6644326887.95694,22.70895793922733,2022-04-18 06:03:32.388
408,1650265425356,6692062537.386342,22.87155857304016,2022-04-18 07:03:45.356
409,1650268911303,6656603447.615263,22.6785871907012,2022-04-18 08:01:51.303
410,1650273295626,6656512248.688609,22.684731016635908,2022-04-18 09:14:55.626
411,1650276011790,6645249561.813302,22.74439163507843,2022-04-18 10:00:11.790
412,1650279617121,6685141338.361747,22.82001651576101,2022-04-18 11:00:17.121
413,1650283456546,6704786825.039191,22.91559770746296,2022-04-18 12:04:16.546
414,1650286943626,6774407254.731493,23.190374493967667,2022-04-18 13:02:23.626
415,1650290486468,6794561473.4098015,23.17246739223667,2022-04-18 14:01:26.468
416,1650294082490,6825538670.841054,23.36416613162751,2022-04-18 15:01:22.490
417,1650297708155,6776938712.592845,23.18153255549089,2022-04-18 16:01:48.155
418,1650301431455,6856612914.219158,23.39281630141146,2022-04-18 17:03:51.455
419,1650304967568,6918259495.717871,23.67810281804236,2022-04-18 18:02:47.568
420,1650308629445,7001013920.194411,23.915951341789185,2022-04-18 19:03:49.445
421,1650312126516,6929971704.986183,23.671141253851285,2022-04-18 20:02:06.516
422,1650315734598,6948563444.454345,23.750861863068508,2022-04-18 21:02:14.598
423,1650319349436,6987283917.36051,23.856237727358405,2022-04-18 22:02:29.436
424,1650322943265,6974304033.883564,23.868078705975694,2022-04-18 23:02:23.265
425,1650326579921,7042491989.699666,24.090249195464345,2022-04-19 00:02:59.921
426,1650330588842,7115207170.155357,24.265189535942834,2022-04-19 01:09:48.842
427,1650333735245,7066601330.406834,24.093765731252702,2022-04-19 02:02:15.245
428,1650337392866,7000041765.425255,23.89277878415312,2022-04-19 03:03:12.866
429,1650340838822,7012950939.255851,23.94461851162778,2022-04-19 04:00:38.822
430,1650344551008,7056599943.754993,24.150111105064948,2022-04-19 05:02:31.008
431,1650348215430,7054261672.224904,24.085077521239477,2022-04-19 06:03:35.430
432,1650351804635,7039159124.639363,24.046668874194523,2022-04-19 07:03:24.635
433,1650355352544,7014200037.63457,23.969198449466106,2022-04-19 08:02:32.544
434,1650359195342,7009532881.767685,23.93476304389459,2022-04-19 09:06:35.342
435,1650362604459,6963095704.517187,23.793164152798564,2022-04-19 10:03:24.459
436,1650366147065,6985502994.173291,23.878592038504724,2022-04-19 11:02:27.065
437,1650369780725,7006791883.91357,23.96872423884013,2022-04-19 12:03:00.725
438,1650373391096,7035836055.135269,24.05836254785354,2022-04-19 13:03:11.096
439,1650376935839,7048875106.40305,24.252257329354716,2022-04-19 14:02:15.839
440,1650380424878,7145965432.44236,24.47537549436184,2022-04-19 15:00:24.878
441,1650384106788,7129065444.890867,24.388592848423347,2022-04-19 16:01:46.788
442,1650387822457,7146891035.483955,24.52759758873196,2022-04-19 17:03:42.457
443,1650391402761,7121040608.567387,24.38789008421591,2022-04-19 18:03:22.761
444,1650394962623,7122479108.82919,24.34354125341014,2022-04-19 19:02:42.623
445,1650400452708,7156419081.704602,24.45918490501681,2022-04-19 20:34:12.708
446,1650402098037,7138613476.481527,24.41459174885873,2022-04-19 21:01:38.037
447,1650405781389,7173997935.477658,24.55374805117509,2022-04-19 22:03:01.389
448,1650409267436,7211037587.150746,24.60080601383085,2022-04-19 23:01:07.436
449,1650412996679,7216591550.451714,24.66626487081296,2022-04-20 00:03:16.679
450,1650416725348,7182655549.976007,24.498326602713128,2022-04-20 01:05:25.348
451,1650420024858,7195510407.888846,24.59827892867021,2022-04-20 02:00:24.858
452,1650423815906,7158825567.85331,24.546517279686626,2022-04-20 03:03:35.906
453,1650427343116,7198979990.445589,24.69009393032711,2022-04-20 04:02:23.116
454,1650431003853,7189570488.6033945,24.565621966020863,2022-04-20 05:03:23.853
455,1650434750791,7238023181.352101,24.7404863914186,2022-04-20 06:05:50.791
456,1650438095225,7236256451.772029,24.768731275783825,2022-04-20 07:01:35.225
457,1650441976787,7244989130.189936,24.750752304589984,2022-04-20 08:06:16.787
458,1650445597185,7273553816.156957,24.861449343264603,2022-04-20 09:06:37.185
459,1650448826474,7258655477.44677,24.783357370986167,2022-04-20 10:00:26.474
460,1650452690358,7309419013.67112,24.998201170974067,2022-04-20 11:04:50.358
461,1650456142476,7312864118.776214,24.99754165371244,2022-04-20 12:02:22.476
462,1650460039866,7312323668.949404,24.958473559554115,2022-04-20 13:07:19.866
463,1650463507522,7220109123.538825,24.603048425837816,2022-04-20 14:05:07.522
464,1650467232353,7201417011.1723385,24.4949166478962,2022-04-20 15:07:12.353
465,1650470962359,7109454803.60054,24.247667731496406,2022-04-20 16:09:22.359
466,1650474315980,7147638874.881626,24.417211930409955,2022-04-20 17:05:15.980
467,1650477710034,7139860517.313156,24.408116852135816,2022-04-20 18:01:50.034
468,1650481221636,7071282417.199288,24.11169131551136,2022-04-20 19:00:21.636
469,1650485102274,7092328199.698331,24.226789250599904,2022-04-20 20:05:02.274
470,1650488882564,7110955118.064652,24.292928864976624,2022-04-20 21:08:02.564
471,1650492358739,7109958026.165484,24.31289176365081,2022-04-20 22:05:58.739
472,1650495970160,7144412814.323632,24.43425246929815,2022-04-20 23:06:10.160
473,1650499358968,7109016756.8990965,24.297173399806116,2022-04-21 00:02:38.968
474,1650503893447,7157373304.257813,24.429994873383844,2022-04-21 01:18:13.447
475,1650506653723,7188778688.080261,24.55013607897111,2022-04-21 02:04:13.723
476,1650510085444,7167689874.780222,24.49635874354563,2022-04-21 03:01:25.444
477,1650515276256,7171844226.840231,24.491012635732385,2022-04-21 04:27:56.256
478,1650517343460,7153175643.462776,24.448099492776542,2022-04-21 05:02:23.460
479,1650521138563,7099106826.696028,24.25988469636487,2022-04-21 06:05:38.563
480,1650524710612,7086206592.844459,24.23594548826726,2022-04-21 07:05:10.612
481,1650528487381,7130527321.782996,24.394586442366897,2022-04-21 08:08:07.381
482,1650533107642,7125246320.56971,24.378758552364754,2022-04-21 09:25:07.642
483,1650535480215,7080447103.345926,24.17648428698201,2022-04-21 10:04:40.215
484,1650538878026,7183583079.470675,24.61519292707537,2022-04-21 11:01:18.026
485,1650542524208,7236652891.834777,24.64952544294688,2022-04-21 12:02:04.208
486,1650546407874,7238561174.820442,24.74104682683868,2022-04-21 13:06:47.874
487,1650549947199,7254082211.598212,24.74807559970134,2022-04-21 14:05:47.199
488,1650553446316,7200911677.473097,24.652833264295523,2022-04-21 15:04:06.316
489,1650557520868,7201749129.383609,24.570605796030584,2022-04-21 16:12:00.868
490,1650560573481,7147656197.224088,24.313842525048788,2022-04-21 17:02:53.481
491,1650564165110,7096053574.674882,24.227554006988257,2022-04-21 18:02:45.110
492,1650567781261,7097909586.125623,24.2631492552641,2022-04-21 19:03:01.261
493,1650571416676,6977446788.110221,23.789839168791683,2022-04-21 20:03:36.676
494,1650575014070,6896904882.609915,23.518549034358145,2022-04-21 21:03:34.070
495,1650578539369,6874945735.083953,23.443538126042167,2022-04-21 22:02:19.369
496,1650582188994,6771604928.281072,23.226524893166385,2022-04-21 23:03:08.994
497,1650585755886,6821431917.371529,23.319091053956083,2022-04-22 00:02:35.886
498,1650589679300,6876122738.136992,23.501441797099517,2022-04-22 01:07:59.300
499,1650593018063,6860941035.315838,23.486695292173497,2022-04-22 02:03:38.063
500,1650596523791,6892699657.239009,23.50054169053233,2022-04-22 03:02:03.791
501,1650600124482,6916774866.357323,23.623197966030908,2022-04-22 04:02:04.482
502,1650603803855,6939679208.245694,23.714242773296554,2022-04-22 05:03:23.855
503,1650607302176,6961231127.23829,23.795965118322595,2022-04-22 06:01:42.176
504,1650610998559,6943913254.597188,23.74401075426492,2022-04-22 07:03:18.559
505,1650614550361,6925722048.29843,23.632612121976557,2022-04-22 08:02:30.361
506,1650618807268,6914839838.103343,23.56694213880755,2022-04-22 09:13:27.268
507,1650621787736,6883094142.29285,23.469658019657867,2022-04-22 10:03:07.736
508,1650625351603,6902081043.792772,23.556485360066198,2022-04-22 11:02:31.603
509,1650628890506,6920025718.220535,23.69299735201757,2022-04-22 12:01:30.506
510,1650632497964,6893017040.964264,23.56090983526121,2022-04-22 13:01:37.964
511,1650636150554,6855436651.482036,23.454197075220574,2022-04-22 14:02:30.554
512,1650639719251,6838130628.542667,23.36145816031453,2022-04-22 15:01:59.251
513,1650643346469,6747301352.704532,23.14036288571925,2022-04-22 16:02:26.469
514,1650646941632,6773896223.179612,23.12000774832212,2022-04-22 17:02:21.632
515,1650650518031,6790037393.766698,23.1768737747784,2022-04-22 18:01:58.031
516,1650654292103,6808254217.943987,23.307872464565,2022-04-22 19:04:52.103
517,1650657727782,6792723600.362405,23.153566880527336,2022-04-22 20:02:07.782
518,1650661380326,6793498075.346654,23.273779943973768,2022-04-22 21:03:00.326
519,1650664923003,6774120372.911277,23.11612018766576,2022-04-22 22:02:03.003
520,1650668611885,6742356210.406503,23.05117158206045,2022-04-22 23:03:31.885
521,1650672021601,6754696484.953549,23.08887592888991,2022-04-23 00:00:21.601
522,1650676196883,6736066524.9242935,23.036409653514983,2022-04-23 01:09:56.883
523,1650679519230,6767050680.72975,23.109779853208245,2022-04-23 02:05:19.230
524,1650682904273,6731287049.592625,22.969728976940143,2022-04-23 03:01:44.273
525,1650686505133,6716041062.504536,23.02108479431742,2022-04-23 04:01:45.133
526,1650690074694,6706303008.86751,22.982319253396057,2022-04-23 05:01:14.694
527,1650693640186,6735387634.629637,23.010924092102524,2022-04-23 06:00:40.186
528,1650697459514,6745434488.937287,23.04902518864805,2022-04-23 07:04:19.514
529,1650701053204,6730874573.098909,22.99135296185201,2022-04-23 08:04:13.204
530,1650704496222,6771927812.891769,23.12871269475277,2022-04-23 09:01:36.222
531,1650708219445,6761407058.472015,23.11863685519273,2022-04-23 10:03:39.445
532,1650711857289,6765894559.237106,23.14181543268624,2022-04-23 11:04:17.289
533,1650715218561,6778346474.550308,23.123021765061186,2022-04-23 12:00:18.561
534,1650718994782,6779484969.079178,23.170900771226584,2022-04-23 13:03:14.782
535,1650722482326,6771095268.84048,23.14563391752258,2022-04-23 14:01:22.326
536,1650726251320,6759948695.177983,23.14286118546953,2022-04-23 15:04:11.320
537,1650729774537,6789949282.613025,23.20666566658923,2022-04-23 16:02:54.537
538,1650733322591,6821672048.421488,23.32225817697718,2022-04-23 17:02:02.591
539,1650736991109,6813287903.093598,23.3240431539646,2022-04-23 18:03:11.109
540,1650740652898,6785158791.240181,23.209775288908173,2022-04-23 19:04:12.898
541,1650744328269,6791977631.989743,23.260587872939876,2022-04-23 20:05:28.269
542,1650747796227,6822900123.301349,23.32775037383322,2022-04-23 21:03:16.227
543,1650751359427,6834888354.267467,23.366927823486247,2022-04-23 22:02:39.427
544,1650754959950,6844316292.361509,23.363727597193694,2022-04-23 23:02:39.950
545,1650758596894,6811441486.137841,23.289780251122103,2022-04-24 00:03:16.894
546,1650762499897,6769148657.939851,23.12268568282786,2022-04-24 01:08:19.897
547,1650765724002,6747812081.47988,22.99419878647293,2022-04-24 02:02:04.002
548,1650769281119,6752005651.680514,23.026875455249456,2022-04-24 03:01:21.119
549,1650772839973,6786244900.38529,23.16829823057062,2022-04-24 04:00:39.973
550,1650776407098,6762041867.192125,23.1014839651316,2022-04-24 05:00:07.098
551,1650780143772,6764231828.91596,23.098592090134836,2022-04-24 06:02:23.772
552,1650783734605,6792960448.927094,23.23012529420433,2022-04-24 07:02:14.605
553,1650787332294,6783638751.678865,23.162495988069733,2022-04-24 08:02:12.294
554,1650790807852,6767633173.17224,23.07795113263327,2022-04-24 09:00:07.852
555,1650794573338,6744147929.658997,23.068906897631614,2022-04-24 10:02:53.338
556,1650798277860,6737002536.417081,22.966992023981984,2022-04-24 11:04:37.860
557,1650801758362,6690892499.63186,22.86810972913352,2022-04-24 12:02:38.362
558,1650805466492,6698647466.79377,22.868278661674548,2022-04-24 13:04:26.492
559,1650808941100,6670961460.946162,22.791604599817568,2022-04-24 14:02:21.100
560,1650812542950,6706448470.898764,22.93545743997604,2022-04-24 15:02:22.950
561,1650816188938,6665939034.108677,22.80287732353011,2022-04-24 16:03:08.938
562,1650819854894,6623158207.223569,22.55655921220617,2022-04-24 17:04:14.894
563,1650823349514,6553907436.507792,22.39076327652329,2022-04-24 18:02:29.514
564,1650827069412,6604052341.155155,22.60428131835866,2022-04-24 19:04:29.412
565,1650830411037,6628938993.295044,22.63452911379976,2022-04-24 20:00:11.037
566,1650834038308,6562990569.681339,22.408338240431576,2022-04-24 21:00:38.308
567,1650837774219,6573969302.16514,22.438949450478237,2022-04-24 22:02:54.219
568,1650841422415,6557880564.145211,22.47484544370173,2022-04-24 23:03:42.415
569,1650844870899,6552225345.401548,22.331863906347955,2022-04-25 00:01:10.899
570,1650848556223,6363268911.764666,21.654398198857173,2022-04-25 01:02:36.223
571,1650852072458,6400522784.077602,21.889377811858918,2022-04-25 02:01:12.458
572,1650855782042,6367136791.711681,21.821220185500223,2022-04-25 03:03:02.042
573,1650859285424,6399812612.38815,21.85469007482793,2022-04-25 04:01:25.424
574,1650862949421,6357516865.120947,21.72987910998376,2022-04-25 05:02:29.421
575,1650866561812,6313249089.501435,21.52293866099347,2022-04-25 06:02:41.812
576,1650870015096,6239763451.661171,21.180514740382502,2022-04-25 07:00:15.096
577,1650873796132,6144144919.826587,20.999437702223343,2022-04-25 08:03:16.132
578,1650877312741,6163186471.208529,21.001126021717383,2022-04-25 09:01:52.741
579,1650880995822,6183478636.297893,21.14768713244013,2022-04-25 10:03:15.822
580,1650884507917,6182248990.676628,21.11363225084073,2022-04-25 11:01:47.917
581,1650888236658,6238933087.1103325,21.36489633030444,2022-04-25 12:03:56.658
582,1650891673631,6272206127.567979,21.35490152287708,2022-04-25 13:01:13.631
583,1650895217758,6246678555.288868,21.374418185193854,2022-04-25 14:00:17.758
584,1650898943562,6294794929.060132,21.42859863765806,2022-04-25 15:02:23.562
585,1650902458144,6276369208.044725,21.43129836285524,2022-04-25 16:00:58.144
586,1650906083301,6372650993.206237,21.83328824141468,2022-04-25 17:01:23.301
587,1650909637059,6373861718.563818,21.78027527337488,2022-04-25 18:00:37.059
588,1650913567908,6414455647.196105,21.870870936206707,2022-04-25 19:06:07.908
589,1650917178091,6449778231.830159,22.06828763731011,2022-04-25 20:06:18.091
590,1650920601987,6432681824.781833,21.952615508260248,2022-04-25 21:03:21.987
591,1650924113056,6435222799.162795,22.06006494627237,2022-04-25 22:01:53.056
592,1650927807427,6457737661.913728,22.08290777840369,2022-04-25 23:03:27.427
593,1650931262514,6473332808.798968,22.12306647759961,2022-04-26 00:01:02.514
594,1650935317619,6511915096.75511,22.24072048704829,2022-04-26 01:08:37.619
595,1650938533123,6464620388.701456,22.046857784123,2022-04-26 02:02:13.123
596,1650942271334,6420407043.944427,21.935459381227165,2022-04-26 03:04:31.334
597,1650945810472,6431393964.658391,21.98387029882829,2022-04-26 04:03:30.472
598,1650949482681,6452730031.82093,22.079916829503773,2022-04-26 05:04:42.681
599,1650952916220,6470466949.35899,22.124877704627743,2022-04-26 06:01:56.220
600,1650956418674,6471774067.457215,22.14497971636642,2022-04-26 07:00:18.674
601,1650960234040,6486178259.008193,22.140158001412804,2022-04-26 08:03:54.040
602,1650963850204,6497045478.544952,22.25109300430308,2022-04-26 09:04:10.204
603,1650967477255,6468832195.449226,22.108457156042,2022-04-26 10:04:37.255
604,1650970967414,6464022784.3190565,22.05847247053066,2022-04-26 11:02:47.414
605,1650974536170,6414064282.158603,21.87103849471913,2022-04-26 12:02:16.170
606,1650978025182,6362836944.657816,21.70956399683789,2022-04-26 13:00:25.182
607,1650981774193,6328304147.902611,21.563456187770413,2022-04-26 14:02:54.193
608,1650985275930,6199104891.916493,21.11771472375231,2022-04-26 15:01:15.930
609,1650989065670,6139339479.629375,20.828230109445908,2022-04-26 16:04:25.670
610,1650992657878,6113633786.009449,20.895156852377237,2022-04-26 17:04:17.878
611,1650996063568,6059064856.860768,20.736869797174467,2022-04-26 18:01:03.568
612,1650999870491,6052436970.159507,20.76416407262259,2022-04-26 19:04:30.491
613,1651003511068,6021407657.767077,20.60218113765857,2022-04-26 20:05:11.068
614,1651006909897,6007232288.318745,20.523428801018188,2022-04-26 21:01:49.897
615,1651010674931,6034982284.853689,20.619231819975465,2022-04-26 22:04:34.931
616,1651014207657,6018677751.699538,20.55910302770754,2022-04-26 23:03:27.657
617,1651017776829,5924437397.931639,20.29136296520717,2022-04-27 00:02:56.829
618,1651021327141,5943600806.657798,20.31212171631145,2022-04-27 01:02:07.141
619,1651024978518,6007945229.073098,20.554790891191207,2022-04-27 02:02:58.518
620,1651028524555,6045352475.001405,20.666952603133797,2022-04-27 03:02:04.555
621,1651032217018,6034007582.367341,20.590427994687733,2022-04-27 04:03:37.018
622,1651035802232,6024416700.302687,20.596785041206328,2022-04-27 05:03:22.232
623,1651039327243,6065746825.238897,20.73084457449388,2022-04-27 06:02:07.243
624,1651043105633,6112116071.269203,20.87781362696074,2022-04-27 07:05:05.633
625,1651046648945,6162794302.08644,21.063177497762176,2022-04-27 08:04:08.945
626,1651050246612,6141635212.886696,20.966742399823875,2022-04-27 09:04:06.612
627,1651053878149,6163307536.23153,21.04828407536652,2022-04-27 10:04:38.149
628,1651057357771,6124557347.2235565,20.91453231726392,2022-04-27 11:02:37.771
629,1651060963788,6058639141.963525,20.707196344175077,2022-04-27 12:02:43.788
630,1651064567661,6117170793.969339,20.915747306260688,2022-04-27 13:02:47.661
631,1651068015371,6234912589.469261,21.35511579301428,2022-04-27 14:00:15.371
632,1651071748504,6339315253.726308,21.658290173785183,2022-04-27 15:02:28.504
633,1651075509288,6375095609.415768,21.814081597850222,2022-04-27 16:05:09.288
634,1651079010739,6353453709.210215,21.660301809192717,2022-04-27 17:03:30.739
635,1651082643788,6275145254.077743,21.483758312584527,2022-04-27 18:04:03.788
636,1651086223528,6259599187.886166,21.39403690865634,2022-04-27 19:03:43.528
637,1651089769499,6235679245.486311,21.28312949289037,2022-04-27 20:02:49.499
638,1651093566566,6287255249.205929,21.48899834248259,2022-04-27 21:06:06.566
639,1651097155308,6326370002.887861,21.61994518888495,2022-04-27 22:05:55.308
640,1651100765384,6300902775.784891,21.550653795608167,2022-04-27 23:06:05.384
641,1651104191344,6331149685.62284,21.499448319620797,2022-04-28 00:03:11.344
642,1651108630659,6246580810.097875,21.38134598711393,2022-04-28 01:17:10.659
643,1651111262256,6221458599.077178,21.18215559598273,2022-04-28 02:01:02.256
644,1651111395386,6221458599.077178,21.18215559598273,2022-04-28 02:03:15.386
645,1651114854611,6224713415.707212,21.308011419628183,2022-04-28 03:00:54.611
646,1651118563496,6204622544.550869,21.14525865056736,2022-04-28 04:02:43.496
647,1651122147890,6190185017.531123,21.16770013837168,2022-04-28 05:02:27.890
648,1651125787659,6163205871.644648,21.12860002673097,2022-04-28 06:03:07.659
649,1651129283967,6219137615.702858,21.22735979377808,2022-04-28 07:01:23.967
650,1651132915155,6198744546.281834,21.186048120641654,2022-04-28 08:01:55.155
651,1651136515842,6237343875.118346,21.31442741737793,2022-04-28 09:01:55.842
652,1651140127345,6222982290.646915,21.268887801260927,2022-04-28 10:02:07.345
653,1651143699794,6183757744.307361,21.13339949335152,2022-04-28 11:01:39.794
654,1651147275276,6229048666.887077,21.310198176935145,2022-04-28 12:01:15.276
655,1651150907774,6210500540.21854,21.023660893414284,2022-04-28 13:01:47.774
656,1651154454429,6103394599.607136,20.82214657450004,2022-04-28 14:00:54.429
657,1651158034780,6020276748.983763,20.59703964519664,2022-04-28 15:00:34.780
658,1651161751170,6011092834.693676,20.5816322921004,2022-04-28 16:02:31.170
659,1651165310633,6095148596.525689,20.85168897075023,2022-04-28 17:01:50.633
660,1651168894972,6131458345.195939,20.98666564902863,2022-04-28 18:01:34.972
661,1651172530761,6151168507.011308,21.003722666816348,2022-04-28 19:02:10.761
662,1651176154758,6125459876.572613,20.852612921681228,2022-04-28 20:02:34.758
663,1651179751596,6118248353.231829,20.883735431579428,2022-04-28 21:02:31.596
664,1651183297051,6061501737.764944,20.756156161263444,2022-04-28 22:01:37.051
665,1651186980139,6063142340.664825,20.813240754790613,2022-04-28 23:03:00.139
666,1651190555599,6058274286.965374,20.727843196122084,2022-04-29 00:02:35.599
667,1651194133285,6072733982.511847,20.82766269947773,2022-04-29 01:02:13.285
668,1651197737129,6080256167.099645,20.72739873997474,2022-04-29 02:02:17.129
669,1651201270281,6011083274.35937,20.413755889406804,2022-04-29 03:01:10.281
670,1651204991445,6000150596.477427,20.478315983127217,2022-04-29 04:03:11.445
671,1651208425173,5994160321.340268,20.484483210920427,2022-04-29 05:00:25.173
672,1651212096455,5998968491.903447,20.504494711895187,2022-04-29 06:01:36.455
673,1651215681258,6053708359.114941,20.720569678096474,2022-04-29 07:01:21.258
674,1651219260666,6090183102.569403,20.80332179658688,2022-04-29 08:01:00.666
675,1651222870814,6063273436.121541,20.693339783952624,2022-04-29 09:01:10.814
676,1651226457871,6001711380.36175,20.486090314066555,2022-04-29 10:00:57.871
677,1651230215576,5947190690.896466,20.069560718294717,2022-04-29 11:03:35.576
678,1651233628635,5878891900.166893,20.05595777594821,2022-04-29 12:00:28.635
679,1651237255340,5951442666.046832,20.23479113321295,2022-04-29 13:00:55.340
680,1651240943018,5934753491.9749365,20.398925179691044,2022-04-29 14:02:23.018
681,1651244574390,5863980796.53676,20.048985740448945,2022-04-29 15:02:54.390
682,1651248187039,5889610791.670806,20.136864962534545,2022-04-29 16:03:07.039
683,1651251732661,5821415535.073555,19.871683539619447,2022-04-29 17:02:12.661
684,1651255325056,5864119736.372664,19.986125262923636,2022-04-29 18:02:05.056
685,1651258941571,5742809947.77075,19.567984526940425,2022-04-29 19:02:21.571
686,1651262483984,5705322011.026463,19.43034421953432,2022-04-29 20:01:23.984
687,1651266267738,5761431348.217353,19.670024832508386,2022-04-29 21:04:27.738
688,1651269740795,5725010637.655378,19.526756487799027,2022-04-29 22:02:20.795
689,1651273238006,5701082469.058875,19.52139212827904,2022-04-29 23:00:38.006
690,1651276876372,5707737894.534064,19.46415114992888,2022-04-30 00:01:16.372
691,1651280544337,5692019426.701548,19.48090492199265,2022-04-30 01:02:24.337
692,1651284162536,5710050969.944628,19.478624703850564,2022-04-30 02:02:42.536
693,1651287765778,5695219605.815157,19.44106648557366,2022-04-30 03:02:45.778
694,1651291333121,5661854359.835046,19.337942400821586,2022-04-30 04:02:13.121
695,1651294827910,5672512600.683212,19.39824857021414,2022-04-30 05:00:27.910
696,1651298618878,5706434318.529318,19.50102216907159,2022-04-30 06:03:38.878
