,Timestamp,Marketcap,Date,Price
0,1646121706910,9121384506.798311,2022-03-01 08:01:46.910,31.709536532916506
1,1646125263650,9192320670.29317,2022-03-01 09:01:03.650,31.670578109089117
2,1646128873825,9113728426.428593,2022-03-01 10:01:13.825,31.440951074369863
3,1646132511314,9171959136.437763,2022-03-01 11:01:51.314,31.573662813933797
4,1646136126265,9096482685.662024,2022-03-01 12:02:06.265,31.48718115218908
5,1646139642631,9259333606.62589,2022-03-01 13:00:42.631,32.120198112968176
6,1646143210142,9323956371.528309,2022-03-01 14:00:10.142,32.41952335743807
7,1646146968830,9135734196.384346,2022-03-01 15:02:48.830,31.24265050443331
8,1646150546372,8925974294.420633,2022-03-01 16:02:26.372,31.03935047293158
9,1646154059761,8957333877.61231,2022-03-01 17:00:59.761,30.93287571837856
10,1646157679126,8973783489.577606,2022-03-01 18:01:19.126,30.95455352510657
11,1646161287277,9038803853.635002,2022-03-01 19:01:27.277,31.261176800661023
12,1646164903803,8974575464.993113,2022-03-01 20:01:43.803,30.990269619723374
13,1646168415369,8983743105.912405,2022-03-01 21:00:15.369,31.14916884260404
14,1646172151734,8785876404.296766,2022-03-01 22:02:31.734,30.460754543896662
15,1646175739846,8877770198.076944,2022-03-01 23:02:19.846,30.88886282515545
16,1646179453711,9003272690.323544,2022-03-02 00:04:13.711,31.135224895773774
17,1646182930106,9113727158.098532,2022-03-02 01:02:10.106,31.32952236723177
18,1646186463210,8947911607.252607,2022-03-02 02:01:03.210,30.940417665518428
19,1646190145100,9005322063.578863,2022-03-02 03:02:25.100,31.11184869515777
20,1646193852941,8987898722.516378,2022-03-02 04:04:12.941,31.01486087261937
21,1646197352156,9035030500.495722,2022-03-02 05:02:32.156,31.05734368922213
22,1646200926998,8936860754.782537,2022-03-02 06:02:06.998,30.914994685755516
23,1646204518625,8881515467.153875,2022-03-02 07:01:58.625,30.497983120387573
24,1646208031944,8829721696.008862,2022-03-02 08:00:31.944,30.44557988990905
25,1646211865285,8916808156.012554,2022-03-02 09:04:25.285,30.691843032018557
26,1646215452494,8911903377.681131,2022-03-02 10:04:12.494,30.72428119281258
27,1646218981673,9002153597.214766,2022-03-02 11:03:01.673,31.100535824296305
28,1646222531200,8958652673.55744,2022-03-02 12:02:11.200,30.956489364660012
29,1646222714161,8958652673.55744,2022-03-02 12:05:14.161,30.956489364660012
30,1646226053561,8896988346.756987,2022-03-02 13:00:53.561,30.84608577316232
31,1646229634910,8717552728.04611,2022-03-02 14:00:34.910,30.13387083859132
32,1646233365005,8905822415.962515,2022-03-02 15:02:45.005,30.736632990285525
33,1646236819118,8865364744.764805,2022-03-02 16:00:19.118,30.585886672915727
34,1646240552225,8941811077.47456,2022-03-02 17:02:32.225,31.1423857653349
35,1646244014131,9325605152.777884,2022-03-02 18:00:14.131,31.922754681085127
36,1646247702322,9212387301.22321,2022-03-02 19:01:42.322,31.97289727814698
37,1646251306471,9217868169.065771,2022-03-02 20:01:46.471,31.97014101388845
38,1646254890501,9279434621.947777,2022-03-02 21:01:30.501,32.074319105215984
39,1646258578770,9308192004.4465,2022-03-02 22:02:58.770,32.25952113484868
40,1646262146117,9488327573.61519,2022-03-02 23:02:26.117,32.65870379088835
41,1646265735387,9357629734.312382,2022-03-03 00:02:15.387,32.27892571615387
42,1646269248034,9568117555.741053,2022-03-03 01:00:48.034,33.40872350568203
43,1646272958875,9693254632.707844,2022-03-03 02:02:38.875,33.44525001734902
44,1646276510977,9546501938.489622,2022-03-03 03:01:50.977,33.17203679093961
45,1646280060483,9582506513.58195,2022-03-03 04:01:00.483,33.31802433837519
46,1646283756300,9475935815.539234,2022-03-03 05:02:36.300,32.66432551639216
47,1646287299404,9489116772.556356,2022-03-03 06:01:39.404,32.771874756158425
48,1646290848106,9508941666.81903,2022-03-03 07:00:48.106,32.87716296908903
49,1646294414690,9486599020.440811,2022-03-03 08:00:14.690,32.734938088568136
50,1646298354997,9410840297.31663,2022-03-03 09:05:54.997,32.36324473524835
51,1646301684335,9356911068.836449,2022-03-03 10:01:24.335,32.30170020244203
52,1646305339291,9402347025.273788,2022-03-03 11:02:19.291,32.496669950472466
53,1646308851427,9370369393.497389,2022-03-03 12:00:51.427,32.32469524311022
54,1646312532917,9306263602.943111,2022-03-03 13:02:12.917,32.24593230405904
55,1646316082671,9401843563.76088,2022-03-03 14:01:22.671,32.7215488778197
56,1646319643030,9466201137.41114,2022-03-03 15:00:43.030,32.54675648349147
57,1646323277282,9161329516.545378,2022-03-03 16:01:17.282,31.60747280435793
58,1646327039427,9300373144.785715,2022-03-03 17:03:59.427,31.84110714656018
59,1646330494689,9251228392.905476,2022-03-03 18:01:34.689,31.995382223480984
60,1646334012940,9299494869.765612,2022-03-03 19:00:12.940,32.378232285836226
61,1646337727924,9800395505.347778,2022-03-03 20:02:07.924,33.82764118524753
62,1646341273127,9621635068.810411,2022-03-03 21:01:13.127,33.49732599834538
63,1646344942581,9714367060.195446,2022-03-03 22:02:22.581,33.55159468311223
64,1646348544627,9867663160.65957,2022-03-03 23:02:24.627,34.08930273104532
65,1646352150010,9896396340.758757,2022-03-04 00:02:30.010,34.151709792543535
66,1646355631433,9669981852.121746,2022-03-04 01:00:31.433,33.09193918686186
67,1646359320554,9643786106.178186,2022-03-04 02:02:00.554,33.5037686530029
68,1646362903053,9735119279.22333,2022-03-04 03:01:43.053,33.58243814446531
69,1646366538513,9773228688.158018,2022-03-04 04:02:18.513,34.02651009589667
70,1646370041768,9913294535.267082,2022-03-04 05:00:41.768,34.20331370323456
71,1646373752938,9804485025.136602,2022-03-04 06:02:32.938,34.04658229822781
72,1646377372607,9922904204.823092,2022-03-04 07:02:52.607,34.22818492970769
73,1646380980753,9858387480.030125,2022-03-04 08:03:00.753,34.188897525592004
74,1646384522593,9831424112.026089,2022-03-04 09:02:02.593,34.27389726309358
75,1646388043233,9904472645.13642,2022-03-04 10:00:43.233,34.2130538920177
76,1646391743146,9840823015.984035,2022-03-04 11:02:23.146,34.05944297172377
77,1646395313072,9804887996.4938,2022-03-04 12:01:53.072,33.871789340161044
78,1646398892130,9691050386.79909,2022-03-04 13:01:32.130,33.38328984345356
79,1646402546885,9743323990.487698,2022-03-04 14:02:26.885,33.649730961194834
80,1646406061788,9679626528.069714,2022-03-04 15:01:01.788,33.685175668388055
81,1646409659709,9641624150.28048,2022-03-04 16:00:59.709,33.250724045944885
82,1646413332471,9501401605.672855,2022-03-04 17:02:12.471,32.66688595762701
83,1646416821365,9344426469.35547,2022-03-04 18:00:21.365,32.22191807286087
84,1646420462167,9185239491.30374,2022-03-04 19:01:02.167,31.72179700156404
85,1646424125905,9094624381.382755,2022-03-04 20:02:05.905,31.236196319690915
86,1646427737437,9059568191.833803,2022-03-04 21:02:17.437,31.42375885616369
87,1646431359721,9031116918.74837,2022-03-04 22:02:39.721,31.03889812274404
88,1646434886931,8903302453.142086,2022-03-04 23:01:26.931,30.791598310910047
89,1646438460238,8857879463.202225,2022-03-05 00:01:00.238,30.52546756732509
90,1646442047991,8656578910.001343,2022-03-05 01:00:47.991,29.864014755690576
91,1646445686740,8638715781.51718,2022-03-05 02:01:26.740,29.830939366275526
92,1646449329322,8631033709.738892,2022-03-05 03:02:09.322,29.83223640846269
93,1646452813746,8775726052.03697,2022-03-05 04:00:13.746,30.18897330866996
94,1646456467792,8668258342.319271,2022-03-05 05:01:07.792,29.925565314920604
95,1646460142283,8737638454.715437,2022-03-05 06:02:22.283,30.16630105552145
96,1646463715806,8756995371.663801,2022-03-05 07:01:55.806,30.18898865735822
97,1646467406068,8791476114.18915,2022-03-05 08:03:26.068,30.36404103583463
98,1646471026006,8788681749.696987,2022-03-05 09:03:46.006,30.519980837578437
99,1646474494436,8801704904.611113,2022-03-05 10:01:34.436,30.32053098530641
100,1646478096048,8709534239.533106,2022-03-05 11:01:36.048,30.19583115533806
101,1646481758074,8724305827.654633,2022-03-05 12:02:38.074,30.1161787620884
102,1646485231938,8746311305.317867,2022-03-05 13:00:31.938,30.112476336222404
103,1646488991529,8677490788.004122,2022-03-05 14:03:11.529,30.00159025433975
104,1646492492308,8722478958.795074,2022-03-05 15:01:32.308,30.176517178764158
105,1646496153153,8690930222.032988,2022-03-05 16:02:33.153,30.072311702766747
106,1646499679008,8808932600.181084,2022-03-05 17:01:19.008,30.33464431562272
107,1646503371540,8957170401.637846,2022-03-05 18:02:51.540,30.92508751177629
108,1646506808212,8995460480.820923,2022-03-05 19:00:08.212,31.10324690097609
109,1646510616756,9057765999.97267,2022-03-05 20:03:36.756,31.36295580334687
110,1646514058011,9087508826.90672,2022-03-05 21:00:58.011,31.3301123999892
111,1646517673867,9055050012.71285,2022-03-05 22:01:13.867,31.06366870331744
112,1646521403551,9088129184.616243,2022-03-05 23:03:23.551,31.37439409737063
113,1646524930880,8998488384.201626,2022-03-06 00:02:10.880,31.041971698952075
114,1646528456116,8874528323.803013,2022-03-06 01:00:56.116,30.665279718203163
115,1646532010017,8757284148.393545,2022-03-06 02:00:10.017,30.179139732187608
116,1646535745378,8739351953.000225,2022-03-06 03:02:25.378,30.159754515736665
117,1646539366595,8542378198.410283,2022-03-06 04:02:46.595,29.489762491464525
118,1646542820305,8654098666.310879,2022-03-06 05:00:20.305,29.811573321932784
119,1646546454124,8595649080.987099,2022-03-06 06:00:54.124,29.68683562211286
120,1646550100940,8555704224.004532,2022-03-06 07:01:40.940,29.47456481453531
121,1646553730464,8554306715.964921,2022-03-06 08:02:10.464,29.57258354040045
122,1646557461288,8520639578.6511345,2022-03-06 09:04:21.288,29.306104704739656
123,1646560915114,8420199242.531628,2022-03-06 10:01:55.114,28.882169564206077
124,1646564531760,8376719973.087012,2022-03-06 11:02:11.760,28.884013041263724
125,1646568093818,8403087155.449653,2022-03-06 12:01:33.818,28.994333516464955
126,1646571727352,8412598938.233126,2022-03-06 13:02:07.352,29.08604540269924
127,1646575270335,8469189332.583172,2022-03-06 14:01:10.335,29.147616154225734
128,1646578884685,8435623778.800794,2022-03-06 15:01:24.685,29.079175032251356
129,1646582547909,8425325715.917841,2022-03-06 16:02:27.909,29.05722589146726
130,1646586106831,8450751915.844341,2022-03-06 17:01:46.831,29.21661746730137
131,1646589743347,8340338976.705995,2022-03-06 18:02:23.347,28.77595657171472
132,1646593304262,8310578879.646744,2022-03-06 19:01:44.262,28.6855730896676
133,1646596944347,8231205931.600329,2022-03-06 20:02:24.347,28.414063053178477
134,1646600517930,8299808935.019308,2022-03-06 21:01:57.930,28.68203171430656
135,1646604015021,8316789047.519677,2022-03-06 22:00:15.021,28.633825100228385
136,1646607743360,8299962903.164243,2022-03-06 23:02:23.360,28.58129132648273
137,1646611295161,8153026711.874391,2022-03-07 00:01:35.161,28.17634583226002
138,1646614812990,8074189683.101902,2022-03-07 01:00:12.990,28.0036858875364
139,1646618407261,8207378408.772752,2022-03-07 02:00:07.261,28.052492465669037
140,1646622093448,8037927135.917671,2022-03-07 03:01:33.448,27.44397291258831
141,1646625769851,7948652928.082584,2022-03-07 04:02:49.851,27.33332380623612
142,1646629357312,7935952439.51456,2022-03-07 05:02:37.312,27.308773100947395
143,1646632804142,7959493824.92856,2022-03-07 06:00:04.142,27.464456208834417
144,1646636596815,7978907223.02081,2022-03-07 07:03:16.815,27.60247334083405
145,1646640114077,7912635959.755464,2022-03-07 08:01:54.077,27.33890554066594
146,1646643827829,7966681619.164465,2022-03-07 09:03:47.829,27.526760103306955
147,1646647280461,8000696266.502124,2022-03-07 10:01:20.461,27.5561234215871
148,1646650922400,8014078994.024346,2022-03-07 11:02:02.400,27.678165918433603
149,1646654517287,8082778836.785734,2022-03-07 12:01:57.287,27.895889394089416
150,1646658089249,8199741350.919308,2022-03-07 13:01:29.249,28.268059785279107
151,1646661728751,8359270653.356165,2022-03-07 14:02:08.751,28.67988324259385
152,1646665330642,8408387576.444858,2022-03-07 15:02:10.642,28.89596243997628
153,1646668895612,8471350045.854743,2022-03-07 16:01:35.612,29.22303049695543
154,1646672505153,8403013126.133992,2022-03-07 17:01:45.153,28.984185017088038
155,1646676177355,8463380483.780616,2022-03-07 18:02:57.355,29.05285228954821
156,1646679790536,8301293941.903631,2022-03-07 19:03:10.536,29.053873120498007
157,1646683437676,8096384095.419439,2022-03-07 20:03:57.676,27.656238287848044
158,1646686815759,8109708411.976491,2022-03-07 21:00:15.759,27.8614670685322
159,1646690581648,8195508995.936269,2022-03-07 22:03:01.648,28.419205531489403
160,1646694108988,8301492050.214668,2022-03-07 23:01:48.988,28.490766079638664
161,1646697685468,8271207452.623494,2022-03-08 00:01:25.468,28.44523186438352
162,1646701318066,8341993861.146706,2022-03-08 01:01:58.066,28.787103330356032
163,1646704903734,8434940072.792959,2022-03-08 02:01:43.734,29.06197698827596
164,1646708420955,8459445086.335833,2022-03-08 03:00:20.955,29.130087867263203
165,1646712107259,8367555279.784134,2022-03-08 04:01:47.259,28.94534912038268
166,1646715628762,8324631373.124031,2022-03-08 05:00:28.762,28.67681695764705
167,1646719322855,8232774780.128549,2022-03-08 06:02:02.855,28.51688866214716
168,1646722959404,8151044148.887075,2022-03-08 07:02:39.404,28.116177964340785
169,1646726531133,8185097131.356791,2022-03-08 08:02:11.133,28.124519432207773
170,1646730131221,8307157035.888461,2022-03-08 09:02:11.221,28.49467623011673
171,1646733680199,8206544116.414162,2022-03-08 10:01:20.199,28.372362222693894
172,1646737283126,8251760100.105089,2022-03-08 11:01:23.126,28.457511998538457
173,1646740896268,8348323155.021124,2022-03-08 12:01:36.268,28.781556045825717
174,1646744479063,8166011827.320031,2022-03-08 13:01:19.063,28.174240723531263
175,1646748104930,8177941513.485515,2022-03-08 14:01:44.930,28.276081527524976
176,1646751659073,8177878894.899635,2022-03-08 15:00:59.073,28.049639360392742
177,1646755301606,8059623914.494326,2022-03-08 16:01:41.606,27.860799677571983
178,1646758890097,7977467231.766838,2022-03-08 17:01:30.097,27.505069717025016
179,1646762578528,8169923373.267028,2022-03-08 18:02:58.528,28.23079264315816
180,1646766097664,8261795545.65911,2022-03-08 19:01:37.664,28.447211555124944
181,1646769623042,8214303222.573164,2022-03-08 20:00:23.042,28.435430340562363
182,1646773368747,8056249278.88062,2022-03-08 21:02:48.747,27.781744275633304
183,1646776973063,8003384466.236612,2022-03-08 22:02:53.063,27.595887713735397
184,1646780454185,8044279638.028296,2022-03-08 23:00:54.185,27.78010002355604
185,1646784079015,8071257260.61559,2022-03-09 00:01:19.015,27.83837292656808
186,1646787747461,8217515402.230069,2022-03-09 01:02:27.461,28.388133562437964
187,1646791381023,8342399543.6597395,2022-03-09 02:03:01.023,28.913130933774177
188,1646794933158,8523359915.691634,2022-03-09 03:02:13.158,29.435874347575997
189,1646798496067,8692491137.142096,2022-03-09 04:01:36.067,30.072491470062825
190,1646802067356,8620460107.147442,2022-03-09 05:01:07.356,29.79130485683272
191,1646805704874,8650557491.086895,2022-03-09 06:01:44.874,29.82283039803216
192,1646809339067,8780305583.703814,2022-03-09 07:02:19.067,30.327596351330406
193,1646812824522,8787121424.545351,2022-03-09 08:00:24.522,30.291862412684228
194,1646816516852,8792421861.942783,2022-03-09 09:01:56.852,30.534481827903218
195,1646820124623,8746127340.417372,2022-03-09 10:02:04.623,29.99758314808845
196,1646823613022,8733516762.26466,2022-03-09 11:00:13.022,30.179149794836626
197,1646827285737,8750492891.424776,2022-03-09 12:01:25.737,30.193689242655918
198,1646830911894,8746508789.168533,2022-03-09 13:01:51.894,30.01653479990613
199,1646834501990,8688805847.518631,2022-03-09 14:01:41.990,29.91851547048005
200,1646838059447,8808217964.016602,2022-03-09 15:00:59.447,30.378490364206048
201,1646841666812,8955665620.285835,2022-03-09 16:01:06.812,30.74112007653101
202,1646845209758,8991335639.31067,2022-03-09 17:00:09.758,30.897746640320943
203,1646848883716,9028590561.03775,2022-03-09 18:01:23.716,31.16279194297469
204,1646852530685,8811376288.244394,2022-03-09 19:02:10.685,30.474689277826023
205,1646856129120,8893681716.134281,2022-03-09 20:02:09.120,30.637854459738826
206,1646859677551,8732729751.377071,2022-03-09 21:01:17.551,30.09085452212492
207,1646863309007,8730433205.201843,2022-03-09 22:01:49.007,30.189556013136578
208,1646866922650,8679878983.577806,2022-03-09 23:02:02.650,29.878463746640307
209,1646870558859,8762155587.269901,2022-03-10 00:02:38.859,30.084405612411015
210,1646874063807,8727571683.371555,2022-03-10 01:01:03.807,30.02631838988534
211,1646877623126,8622002372.571161,2022-03-10 02:00:23.126,29.5744526229896
212,1646881314963,8605607340.431047,2022-03-10 03:01:54.963,29.55934821457668
213,1646884924737,8490445700.79017,2022-03-10 04:02:04.737,29.1911901241928
214,1646888527877,8327599059.255868,2022-03-10 05:02:07.877,28.567826807969738
215,1646892048181,8082542134.412064,2022-03-10 06:00:48.181,27.815132238757396
216,1646895614725,8070674389.37978,2022-03-10 07:00:14.725,27.8527051155749
217,1646899300810,8099640126.753957,2022-03-10 08:01:40.810,27.927593806948646
218,1646902898761,8148750322.706034,2022-03-10 09:01:38.761,28.158793787814457
219,1646906540096,8177347062.746545,2022-03-10 10:02:20.096,28.18016915443628
220,1646910066809,8127185784.339182,2022-03-10 11:01:06.809,27.97709419698373
221,1646913638342,8141001035.37966,2022-03-10 12:00:38.342,28.114980263454814
222,1646917241468,8177332110.478818,2022-03-10 13:00:41.468,28.151683887702685
223,1646920858733,8044974937.766994,2022-03-10 14:00:58.733,27.827845824362377
224,1646924406263,8107298856.918317,2022-03-10 15:00:06.263,28.180559184346723
225,1646928128836,8228759054.803661,2022-03-10 16:02:08.836,28.310879514399748
226,1646931665864,8076498924.443807,2022-03-10 17:01:05.864,27.975756869216344
227,1646935296458,8116641223.991591,2022-03-10 18:01:36.458,27.91812703468937
228,1646938877154,8082674191.949502,2022-03-10 19:01:17.154,27.942877855940925
229,1646942478627,8149479087.139461,2022-03-10 20:01:18.627,28.135266430465613
230,1646946172464,8208080346.883349,2022-03-10 21:02:52.464,28.390704320030014
231,1646949609327,8157639586.73978,2022-03-10 22:00:09.327,28.075839024373337
232,1646953221376,8188656868.028204,2022-03-10 23:00:21.376,28.258403305682595
233,1646956847332,8128920115.446775,2022-03-11 00:00:47.332,28.0630141354038
234,1646960410435,8179659442.093643,2022-03-11 01:00:10.435,28.05413461193061
235,1646964164162,8122503153.660981,2022-03-11 02:02:44.162,27.83452726825541
236,1646967696871,7977221265.707243,2022-03-11 03:01:36.871,27.37330304315836
237,1646971369279,7978177198.784228,2022-03-11 04:02:49.279,27.591138504540265
238,1646974904240,7916167382.042974,2022-03-11 05:01:44.240,27.342209422093607
239,1646978402954,7906471445.901961,2022-03-11 06:00:02.954,27.355774100375204
240,1646982174282,7985147501.806212,2022-03-11 07:02:54.282,27.640937367295045
241,1646985747211,8083265397.722018,2022-03-11 08:02:27.211,27.841444540919507
242,1646989340308,8018133910.001881,2022-03-11 09:02:20.308,27.59880460772972
243,1646992845875,7994387215.800917,2022-03-11 10:00:45.875,27.601459977165607
244,1646993045224,8001060806.829109,2022-03-11 10:04:05.224,27.5837028027799
245,1646996413787,8027410888.1820755,2022-03-11 11:00:13.787,27.6842220624282
246,1647000142780,8232430450.807025,2022-03-11 12:02:22.780,28.19679391709653
247,1647003740939,8190454668.235058,2022-03-11 13:02:20.939,28.23425189087253
248,1647007350121,8124264076.929745,2022-03-11 14:02:30.121,27.972885143778427
249,1647010877611,8133299781.819722,2022-03-11 15:01:17.611,27.86273509411737
250,1647014486777,8019215196.344221,2022-03-11 16:01:26.777,27.57537522732571
251,1647018138858,7942826570.517278,2022-03-11 17:02:18.858,27.38198239202225
252,1647021698686,8029580367.11571,2022-03-11 18:01:38.686,27.710073741720137
253,1647025304815,7945757937.822666,2022-03-11 19:01:44.815,27.39035943907213
254,1647028941761,7969145395.119103,2022-03-11 20:02:21.761,27.403725583349544
255,1647032469719,7925652108.738394,2022-03-11 21:01:09.719,27.31503914519858
256,1647036124138,8005843677.810693,2022-03-11 22:02:04.138,27.611901520980076
257,1647039687471,8102357521.554538,2022-03-11 23:01:27.471,27.756338437908266
258,1647043247785,8063886971.231029,2022-03-12 00:00:47.785,27.607859386212983
259,1647046919419,8095400713.146611,2022-03-12 01:01:59.419,27.976941062089416
260,1647050493617,8167851256.287565,2022-03-12 02:01:33.617,28.147492800524613
261,1647054060660,8083538061.104137,2022-03-12 03:01:00.660,27.88036711088924
262,1647057694440,8084880254.537961,2022-03-12 04:01:34.440,27.83849605938681
263,1647061332953,8123185452.68391,2022-03-12 05:02:12.953,27.88324719892368
264,1647064907035,8053483102.095939,2022-03-12 06:01:47.035,27.78796936427785
265,1647068560211,8049250383.747051,2022-03-12 07:02:40.211,27.72653540191968
266,1647072214230,8005396179.500093,2022-03-12 08:03:34.230,27.63395687854852
267,1647075756910,7965625240.117156,2022-03-12 09:02:36.910,27.459797225351178
268,1647079268104,8007153388.52535,2022-03-12 10:01:08.104,27.603016945944525
269,1647082951390,8026370999.820467,2022-03-12 11:02:31.390,27.698738216049986
270,1647086556869,8024985499.075627,2022-03-12 12:02:36.869,27.670019241559945
271,1647090165787,8041898125.7905855,2022-03-12 13:02:45.787,27.731542000132176
272,1647093753548,7982677563.742959,2022-03-12 14:02:33.548,27.529052262565603
273,1647097271507,7934284495.349963,2022-03-12 15:01:11.507,27.39083598832025
274,1647100948874,8000263633.628509,2022-03-12 16:02:28.874,27.52700218760384
275,1647104589292,7996531273.706517,2022-03-12 17:03:09.292,27.57371366994289
276,1647108106859,7964956140.331146,2022-03-12 18:01:46.859,27.44748825683548
277,1647111728843,7958909724.807561,2022-03-12 19:02:08.843,27.441774501494635
278,1647115345671,7957178902.969869,2022-03-12 20:02:25.671,27.43966123740428
279,1647118858409,7975370623.43019,2022-03-12 21:00:58.409,27.49726363063535
280,1647122553203,7991754283.629912,2022-03-12 22:02:33.203,27.514150730352267
281,1647126033479,7983928715.691064,2022-03-12 23:00:33.479,27.507010230597945
282,1647129717942,7921451880.881991,2022-03-13 00:01:57.942,27.23322808879681
283,1647133273262,7865034621.350746,2022-03-13 01:01:13.262,27.109819441937635
284,1647136934282,7913158734.504755,2022-03-13 02:02:14.282,27.22507805580928
285,1647140469830,7962707837.15521,2022-03-13 03:01:09.830,27.422521982801307
286,1647144124028,7967625102.019237,2022-03-13 04:02:04.028,27.449544587068026
287,1647147696292,7926738029.830927,2022-03-13 05:01:36.292,27.26995203076996
288,1647151223215,7935047572.457314,2022-03-13 06:00:23.215,27.329038764325286
289,1647154975597,7933243621.219789,2022-03-13 07:02:55.597,27.43304286940519
290,1647158554959,7965323106.19013,2022-03-13 08:02:34.959,27.465478801983306
291,1647162256629,7962038601.885627,2022-03-13 09:04:16.629,27.44560693036729
292,1647165741516,7906045872.782221,2022-03-13 10:02:21.516,27.18373224095721
293,1647169328757,7891210425.036451,2022-03-13 11:02:08.757,27.238171123749453
294,1647172811422,7880625648.612829,2022-03-13 12:00:11.422,27.179713218306976
295,1647176587777,7747716617.545594,2022-03-13 13:03:07.777,26.70618918622752
296,1647180076409,7791816598.688017,2022-03-13 14:01:16.409,26.8109207010944
297,1647183605207,7888854151.539748,2022-03-13 15:00:05.207,27.16877471851844
298,1647187216636,7954804863.724862,2022-03-13 16:00:16.636,27.427031066088613
299,1647190882741,7959148314.191198,2022-03-13 17:01:22.741,27.362552591834564
300,1647194576159,7953027212.279241,2022-03-13 18:02:56.159,27.386861047222727
301,1647198102729,7917811344.878549,2022-03-13 19:01:42.729,27.33233903830909
302,1647201797570,7815223198.114531,2022-03-13 20:03:17.570,26.92604682901463
303,1647205421742,7811825958.073191,2022-03-13 21:03:41.742,26.867888572007168
304,1647208963652,7807440915.940566,2022-03-13 22:02:43.652,26.81950246759214
305,1647212557327,7710403719.217492,2022-03-13 23:02:37.327,26.31395847927253
306,1647216054186,7628630743.825802,2022-03-14 00:00:54.186,26.335014089685696
307,1647219661453,7584075110.090155,2022-03-14 01:01:01.453,26.120153829692544
308,1647223206033,7603606110.504738,2022-03-14 02:00:06.033,26.22288002196608
309,1647226819235,7606330785.110995,2022-03-14 03:00:19.235,26.17076948203995
310,1647230568155,7629203817.315073,2022-03-14 04:02:48.155,26.300913679412908
311,1647234082309,7702631735.381011,2022-03-14 05:01:22.309,26.47481838914365
312,1647237720386,7735830517.315128,2022-03-14 06:02:00.386,26.644879812639854
313,1647241228771,7777917533.268288,2022-03-14 07:00:28.771,26.80312163822171
314,1647244929106,7825283743.627039,2022-03-14 08:02:09.106,26.91990326143149
315,1647248525962,7811732619.314494,2022-03-14 09:02:05.962,26.92629477369261
316,1647252110229,7823260352.403585,2022-03-14 10:01:50.229,27.02607667147301
317,1647255605457,7818987429.562388,2022-03-14 11:00:05.457,26.951637566763356
318,1647259363548,7771675937.508801,2022-03-14 12:02:43.548,26.77145586694441
319,1647262937056,7741581503.280586,2022-03-14 13:02:17.056,26.6737937566177
320,1647266464117,7834577619.299883,2022-03-14 14:01:04.117,26.975727101611547
321,1647270092903,7772760027.234446,2022-03-14 15:01:32.903,26.786735829439884
322,1647273768104,7750754444.982512,2022-03-14 16:02:48.104,26.67135765269399
323,1647277300040,7703815746.823832,2022-03-14 17:01:40.040,26.41479646432368
324,1647280982694,7606172672.868925,2022-03-14 18:03:02.694,26.16574893529728
325,1647284465686,7525292545.514952,2022-03-14 19:01:05.686,26.013658340289265
326,1647288157918,7595553284.505497,2022-03-14 20:02:37.918,26.11845183320266
327,1647291781574,7590079380.537544,2022-03-14 21:03:01.574,26.092298287086027
328,1647295266770,7576598224.006468,2022-03-14 22:01:06.770,26.09171299214392
329,1647298932407,7705628034.932857,2022-03-14 23:02:12.407,26.561524236966523
330,1647302478327,7766754552.452135,2022-03-15 00:01:18.327,26.85052160959744
331,1647306067864,7787419153.081369,2022-03-15 01:01:07.864,26.872437866489875
332,1647309833627,7685290584.011975,2022-03-15 02:03:53.627,26.406329405627417
333,1647313288801,7719691351.282648,2022-03-15 03:01:28.801,26.58581979181084
334,1647316946205,7663493434.057421,2022-03-15 04:02:26.205,26.37240224571576
335,1647320520518,7625627316.440211,2022-03-15 05:02:00.518,26.264182978433528
336,1647324193474,7651170312.845268,2022-03-15 06:03:13.474,26.346445901429814
337,1647327750522,7793751545.909694,2022-03-15 07:02:30.522,27.0407484562596
338,1647331303893,7836712585.54446,2022-03-15 08:01:43.893,26.883366309469874
339,1647334810726,7757764587.153013,2022-03-15 09:00:10.726,26.658593491937776
340,1647338579638,7759217706.398582,2022-03-15 10:02:59.638,26.681177234060147
341,1647342168711,7720680868.911577,2022-03-15 11:02:48.711,26.54891663193959
342,1647345758054,7740053635.080278,2022-03-15 12:02:38.054,26.66880725058884
343,1647349239923,7841275066.518829,2022-03-15 13:00:39.923,27.001184094076137
344,1647352876799,7768326348.330214,2022-03-15 14:01:16.799,26.819088669229448
345,1647356446199,7881093550.452833,2022-03-15 15:00:46.199,27.09258695532636
346,1647360189166,7957724224.406161,2022-03-15 16:03:09.166,27.39465315956176
347,1647363783446,7941323468.090009,2022-03-15 17:03:03.446,27.35132439321685
348,1647367360969,7991424445.720511,2022-03-15 18:02:40.969,27.566923121449904
349,1647370858504,7964540809.844428,2022-03-15 19:00:58.504,27.36686911060211
350,1647374406008,7963967760.565212,2022-03-15 20:00:06.008,27.409971267049837
351,1647378119424,7904724317.430991,2022-03-15 21:01:59.424,27.16912903704476
352,1647381661729,7937034262.679416,2022-03-15 22:01:01.729,27.3566059945396
353,1647385328503,7805752599.384001,2022-03-15 23:02:08.503,26.88050240196289
354,1647388956492,7816748357.167922,2022-03-16 00:02:36.492,26.90578996435448
355,1647392543486,7816788606.085402,2022-03-16 01:02:23.486,26.89207640511598
356,1647396014273,7883793928.3381405,2022-03-16 02:00:14.273,27.08918932045198
357,1647399706789,7987985041.839014,2022-03-16 03:01:46.789,27.49857038287852
358,1647403311111,7823650915.120264,2022-03-16 04:01:51.111,26.79292564356481
359,1647407019913,7753276691.822967,2022-03-16 05:03:39.913,26.75294546778372
360,1647410526391,7776974426.762042,2022-03-16 06:02:06.391,26.800665796105488
361,1647414054434,7825208876.486038,2022-03-16 07:00:54.434,26.970011573494872
362,1647417717479,7823940797.3273535,2022-03-16 08:01:57.479,26.927985624720385
363,1647421225461,7894655111.609163,2022-03-16 09:00:25.461,27.208909954472183
364,1647424881058,7882520382.142565,2022-03-16 10:01:21.058,27.194355898127068
365,1647428521128,7880458381.972084,2022-03-16 11:02:01.128,27.10714690585155
366,1647432144415,7893097042.194551,2022-03-16 12:02:24.415,27.23657424466365
367,1647435716694,7912968262.606109,2022-03-16 13:01:56.694,27.252303732196207
368,1647439419751,7991211675.284024,2022-03-16 14:03:39.751,27.590616216805746
369,1647442907688,8088268010.341387,2022-03-16 15:01:47.688,27.893639877447026
370,1647446497938,8153805409.112449,2022-03-16 16:01:37.938,28.158144608186923
371,1647450033674,8158955153.950138,2022-03-16 17:00:33.674,28.28827862013712
372,1647453722124,8158955153.950138,2022-03-16 18:02:02.124,28.38727289485586
373,1647457334674,8158955153.950138,2022-03-16 19:02:14.674,28.31537129308853
374,1647460912000,8346059118.193242,2022-03-16 20:01:52.000,28.81651425298371
375,1647464486143,8412317099.915634,2022-03-16 21:01:26.143,28.82443573895025
376,1647468169568,8412317099.915634,2022-03-16 22:02:49.568,28.67688428149987
377,1647471707909,8412317099.915634,2022-03-16 23:01:47.909,28.71999102028578
378,1647475326463,8412317099.915634,2022-03-17 00:02:06.463,28.968674044924395
379,1647478855045,8390897850.723826,2022-03-17 01:00:55.045,28.79548449360079
380,1647482540853,8390897850.723826,2022-03-17 02:02:20.853,28.937881814177747
381,1647486094893,8390897850.723826,2022-03-17 03:01:34.893,28.73146401320954
382,1647489606175,8390897850.723826,2022-03-17 04:00:06.175,28.600843366864144
383,1647493270001,8263082618.980197,2022-03-17 05:01:10.001,28.56450107926691
384,1647496962293,8263082618.980197,2022-03-17 06:02:42.293,28.37629609791936
385,1647500510190,8263082618.980197,2022-03-17 07:01:50.190,28.27110954015709
386,1647504097661,8244504671.204579,2022-03-17 08:01:37.661,28.37529299396844
387,1647507754591,8244504671.204579,2022-03-17 09:02:34.591,28.274071023451924
388,1647511240722,8244504671.204579,2022-03-17 10:00:40.722,28.284741833157508
389,1647514839255,8244504671.204579,2022-03-17 11:00:39.255,28.28962936216931
390,1647518508883,8226462502.851085,2022-03-17 12:01:48.883,28.42581569782254
391,1647522031774,8226462502.851085,2022-03-17 13:00:31.774,28.64387205643655
392,1647525808178,8226462502.851085,2022-03-17 14:03:28.178,28.72761795953932
393,1647529271379,8310454602.548889,2022-03-17 15:01:11.379,28.5490881496152
394,1647532897317,8313471889.994382,2022-03-17 16:01:37.317,28.499937811272936
395,1647536578443,8307086800.22372,2022-03-17 17:02:58.443,28.549523715541987
396,1647540090905,8289796187.285508,2022-03-17 18:01:30.905,28.476674906647972
397,1647543830996,8235135235.511357,2022-03-17 19:03:50.996,28.321878570968668
398,1647547379572,8263048472.631703,2022-03-17 20:02:59.572,28.50055963516043
399,1647550941220,8225300744.903876,2022-03-17 21:02:21.220,28.313836039752868
400,1647554521077,8243400007.648797,2022-03-17 22:02:01.077,28.397408038667987
401,1647558106857,8233172799.29883,2022-03-17 23:01:46.857,28.36487721376926
402,1647561644233,8196983676.289509,2022-03-18 00:00:44.233,28.20897690174535
403,1647565271429,8122528753.809834,2022-03-18 01:01:11.429,27.790987303527988
404,1647568898519,8050949420.824966,2022-03-18 02:01:38.519,27.715478683955173
405,1647572491265,8019284541.754978,2022-03-18 03:01:31.265,27.5754663891435
406,1647576054572,8002417445.135209,2022-03-18 04:00:54.572,27.74897004097251
407,1647579678528,8115341007.844486,2022-03-18 05:01:18.528,27.95871492966732
408,1647583292873,8126574431.765044,2022-03-18 06:01:32.873,28.024593857467067
409,1647586913973,8138014296.049984,2022-03-18 07:01:53.973,27.99160729254201
410,1647590539323,8104223107.442526,2022-03-18 08:02:19.323,27.827952439900663
411,1647594373402,8119728068.644551,2022-03-18 09:06:13.402,27.886474242944917
412,1647597668929,8078239303.751184,2022-03-18 10:01:08.929,27.61113338378601
413,1647601322346,7959566390.808537,2022-03-18 11:02:02.346,27.342032002080018
414,1647604939974,7958517058.551498,2022-03-18 12:02:19.974,27.38864826878921
415,1647608429289,7972207771.531811,2022-03-18 13:00:29.289,27.395552103458915
416,1647612070863,8007424388.115918,2022-03-18 14:01:10.863,27.589778325431645
417,1647615817593,8018316984.441975,2022-03-18 15:03:37.593,27.59046389493618
418,1647619287029,8059262068.015274,2022-03-18 16:01:27.029,27.636861020374244
419,1647622922458,8141039471.750535,2022-03-18 17:02:02.458,28.099610465074107
420,1647626484337,8167151759.523525,2022-03-18 18:01:24.337,28.111823193999925
421,1647630098972,8218525779.816502,2022-03-18 19:01:38.972,28.281718407313114
422,1647633781886,8269375345.063987,2022-03-18 20:03:01.886,28.554240226610315
423,1647637345032,8339605038.217628,2022-03-18 21:02:25.032,28.67452141839441
424,1647640963647,8343608295.136337,2022-03-18 22:02:43.647,28.71584726399215
425,1647644476877,8309947688.840499,2022-03-18 23:01:16.877,28.6331158088274
426,1647648309994,8348695844.792981,2022-03-19 00:05:09.994,28.701455210132533
427,1647651750286,8423002353.280311,2022-03-19 01:02:30.286,28.94047941558703
428,1647655398957,8505018858.888597,2022-03-19 02:03:18.957,29.257902029279208
429,1647659029510,8530924814.77963,2022-03-19 03:03:49.510,29.35166533022716
430,1647662513949,8445321928.807915,2022-03-19 04:01:53.949,29.09698874488709
431,1647666171234,8481512956.733044,2022-03-19 05:02:51.234,29.11429357505395
432,1647669731738,8421817193.855003,2022-03-19 06:02:11.738,28.931593564788308
433,1647673430996,8415363358.691281,2022-03-19 07:03:50.996,28.939714807378863
434,1647676859221,8385376608.898599,2022-03-19 08:00:59.221,28.75783929689895
435,1647680990359,8355559702.968054,2022-03-19 09:09:50.359,28.819149365947755
436,1647684098543,8289159369.53352,2022-03-19 10:01:38.543,28.459976589197733
437,1647687714962,8272515616.840655,2022-03-19 11:01:54.962,28.45094731534856
438,1647691326817,8332165951.668976,2022-03-19 12:02:06.817,28.751932410019155
439,1647694905581,8391301935.822477,2022-03-19 13:01:45.581,28.94939491079645
440,1647698607386,8356717384.015433,2022-03-19 14:03:27.386,28.78031502771113
441,1647702126853,8401168745.46884,2022-03-19 15:02:06.853,28.90056004311989
442,1647705725474,8408968068.216099,2022-03-19 16:02:05.474,28.861334876398743
443,1647709304084,8443992579.453422,2022-03-19 17:01:44.084,29.014815632202783
444,1647712871648,8426244129.577842,2022-03-19 18:01:11.648,28.97703803198958
445,1647716543494,8407718997.773034,2022-03-19 19:02:23.494,28.962793279282003
446,1647720099646,8394440081.843348,2022-03-19 20:01:39.646,28.898254004425244
447,1647723646158,8382636417.654244,2022-03-19 21:00:46.158,28.898813547473317
448,1647727227563,8413451426.1897135,2022-03-19 22:00:27.563,28.877002638968023
449,1647730898053,8335617317.235453,2022-03-19 23:01:38.053,28.71801379745447
450,1647734529552,8326422180.784453,2022-03-20 00:02:09.552,28.6404337189324
451,1647738049523,8280016586.888881,2022-03-20 01:00:49.523,28.479325531312337
452,1647741848166,8271787099.802978,2022-03-20 02:04:08.166,28.537624147488373
453,1647745331688,8254203490.573313,2022-03-20 03:02:11.688,28.35949369866986
454,1647749073283,8280748746.072735,2022-03-20 04:04:33.283,28.453265943694344
455,1647752582506,8261699621.193992,2022-03-20 05:03:02.506,28.35217648518071
456,1647756127527,8276619425.426774,2022-03-20 06:02:07.527,28.51753718780901
457,1647759752869,8306986031.814414,2022-03-20 07:02:32.869,28.53546241199261
458,1647763301379,8304510753.361372,2022-03-20 08:01:41.379,28.578245127856697
459,1647766893036,8334765352.992562,2022-03-20 09:01:33.036,28.53974110025792
460,1647770896248,8239264579.749506,2022-03-20 10:08:16.248,28.371894473778507
461,1647774161182,8278241755.730262,2022-03-20 11:02:41.182,28.466574845144677
462,1647777821227,8241894997.774913,2022-03-20 12:03:41.227,28.24901661473742
463,1647781312724,8173497823.84108,2022-03-20 13:01:52.724,28.11307256189903
464,1647784984075,8160884831.442087,2022-03-20 14:03:04.075,28.06675230476951
465,1647788535044,8128275303.12388,2022-03-20 15:02:15.044,27.946890423649695
466,1647792123672,8085141640.495815,2022-03-20 16:02:03.672,27.853913695800244
467,1647795721679,8111027223.8939,2022-03-20 17:02:01.679,27.894359041609817
468,1647799587666,8034080346.239558,2022-03-20 18:06:27.666,27.65565894007435
469,1647802924649,8069405757.915188,2022-03-20 19:02:04.649,27.789165023286827
470,1647806635781,8112696218.988737,2022-03-20 20:03:55.781,27.924605296141124
471,1647810098957,8062167067.648074,2022-03-20 21:01:38.957,27.72514020800866
472,1647813727835,8098162421.413257,2022-03-20 22:02:07.835,27.826187641861857
473,1647817345265,8060544219.016663,2022-03-20 23:02:25.265,27.85397859422186
474,1647820939538,8072240447.253557,2022-03-21 00:02:19.538,27.78939032127448
475,1647824435722,8108636971.112386,2022-03-21 01:00:35.722,27.887402086925533
476,1647828169863,8122255809.756112,2022-03-21 02:02:49.863,27.966216644195345
477,1647831722266,8066756579.256256,2022-03-21 03:02:02.266,27.85556291670268
478,1647835324047,8165051828.191296,2022-03-21 04:02:04.047,28.002407864506413
479,1647838975742,8135904816.606931,2022-03-21 05:02:55.742,27.99945095384381
480,1647842787466,8193999075.830386,2022-03-21 06:06:27.466,28.232236312748785
481,1647846172523,8191073373.618292,2022-03-21 07:02:52.523,28.137819428832703
482,1647849662228,8193251510.908746,2022-03-21 08:01:02.228,28.225248465217835
483,1647853685206,8229360815.435077,2022-03-21 09:08:05.206,28.24081605365454
484,1647856989197,8212514945.85716,2022-03-21 10:03:09.197,28.29943950917675
485,1647860517596,8201114225.15277,2022-03-21 11:01:57.596,28.19854101778817
486,1647864080021,8220344314.659303,2022-03-21 12:01:20.021,28.25738362063871
487,1647867712987,8111193008.180314,2022-03-21 13:01:52.987,28.016370402110425
488,1647871355434,8204199903.698263,2022-03-21 14:02:35.434,28.05672510374551
489,1647874813805,8095170108.310616,2022-03-21 15:00:13.805,27.80031716267722
490,1647878570412,8133989160.459162,2022-03-21 16:02:50.412,27.999619300987973
491,1647882082591,8083900500.287261,2022-03-21 17:01:22.591,27.80962984252724
492,1647885749975,8084508321.786132,2022-03-21 18:02:29.975,27.875193551761186
493,1647889453545,8093367830.405873,2022-03-21 19:04:13.545,27.85438575410069
494,1647892999971,8128825757.509567,2022-03-21 20:03:19.971,27.96137222516604
495,1647896482760,8126655640.721238,2022-03-21 21:01:22.760,27.92297741551181
496,1647900227381,8126100579.603412,2022-03-21 22:03:47.381,27.980570579774305
497,1647903718411,8141743536.723953,2022-03-21 23:01:58.411,27.97631207639201
498,1647907348290,8138267484.686255,2022-03-22 00:02:28.290,27.986556801358628
499,1647911021273,8098099710.861529,2022-03-22 01:03:41.273,27.839345670561528
500,1647914619557,8060463328.961414,2022-03-22 02:03:39.557,27.711973533019822
501,1647918094124,8161845218.401376,2022-03-22 03:01:34.124,28.04551670170291
502,1647921630640,8258119233.77241,2022-03-22 04:00:30.640,28.2890839287868
503,1647925470779,8321555853.329869,2022-03-22 05:04:30.779,28.60696373481986
504,1647928838100,8289667856.833638,2022-03-22 06:00:38.100,28.47870284518214
505,1647932503459,8195279580.61064,2022-03-22 07:01:43.459,28.178659649803
506,1647936273334,8241100039.490961,2022-03-22 08:04:33.334,28.345230730309808
507,1647940077352,8284656756.966536,2022-03-22 09:07:57.352,28.447192679452137
508,1647943727192,8221347615.692943,2022-03-22 10:08:47.192,28.24414096321447
509,1647946854563,8274133253.76201,2022-03-22 11:00:54.563,28.46061276899932
510,1647950534017,8276072755.479621,2022-03-22 12:02:14.017,28.48243582665146
511,1647954128159,8267076724.654005,2022-03-22 13:02:08.159,28.394676367274887
512,1647957749338,8305452715.713537,2022-03-22 14:02:29.338,28.506049258335416
513,1647961284037,8392074012.314442,2022-03-22 15:01:24.037,28.685467277236707
514,1647964908241,8216694870.320757,2022-03-22 16:01:48.241,28.29221644667586
515,1647968462052,8199534567.832871,2022-03-22 17:01:02.052,28.166333706013265
516,1647972025015,8215521063.559975,2022-03-22 18:00:25.015,28.26146776567015
517,1647975743191,8175525807.69013,2022-03-22 19:02:23.191,28.122330218293342
518,1647979369320,8194045846.498326,2022-03-22 20:02:49.320,28.00340231373293
519,1647982959696,8146319395.1186495,2022-03-22 21:02:39.696,28.058986820762733
520,1647986482719,8221934048.918212,2022-03-22 22:01:22.719,28.260040119817376
521,1647990186041,8179579786.607613,2022-03-22 23:03:06.041,28.113164183612422
522,1647993618177,8157876830.086418,2022-03-23 00:00:18.177,28.03162167585189
523,1647997277778,8153302634.16575,2022-03-23 01:01:17.778,28.01745292633628
524,1648000896437,8091363628.497268,2022-03-23 02:01:36.437,27.89182220451027
525,1648004527923,8134651623.357952,2022-03-23 03:02:07.923,27.96058370798116
526,1648008206442,8119037815.800096,2022-03-23 04:03:26.442,27.869067335214265
527,1648011679084,8110838799.864245,2022-03-23 05:01:19.084,27.911662588326564
528,1648015343712,8137528434.442145,2022-03-23 06:02:23.712,27.99996590751383
529,1648018906798,8150254891.34167,2022-03-23 07:01:46.798,27.956227925355996
530,1648022636996,8066437792.237199,2022-03-23 08:03:56.996,27.721540327410533
531,1648026177853,8045829617.496984,2022-03-23 09:02:57.853,27.563915108736232
532,1648029683925,7962526698.221056,2022-03-23 10:01:23.925,27.4177711030303
533,1648033373978,8011699484.389572,2022-03-23 11:02:53.978,27.565878968486608
534,1648036865744,7986780122.599245,2022-03-23 12:01:05.744,27.491286069095175
535,1648040541817,8035513893.962467,2022-03-23 13:02:21.817,27.68392392248752
536,1648044146981,8033923488.120444,2022-03-23 14:02:26.981,27.617164512509248
537,1648047830840,8100719507.923074,2022-03-23 15:03:50.840,27.86887665528271
538,1648051252367,8165977230.96765,2022-03-23 16:00:52.367,28.09636326237008
539,1648054901847,8148458211.181042,2022-03-23 17:01:41.847,27.98963299299644
540,1648058497288,8103869620.909821,2022-03-23 18:01:37.288,27.709346681428748
541,1648062186704,8099572791.13322,2022-03-23 19:03:06.704,27.76825179446871
542,1648065616259,8104337905.21078,2022-03-23 20:00:16.259,27.79489257649406
543,1648069217607,8120851366.889307,2022-03-23 21:00:17.607,27.90076460191703
544,1648073003348,8121874687.047391,2022-03-23 22:03:23.348,27.91200826002308
545,1648076634183,8139510826.754973,2022-03-23 23:03:54.183,28.005121719851594
546,1648080223670,8190257673.878925,2022-03-24 00:03:43.670,28.160676792176396
547,1648084129293,8249133684.670953,2022-03-24 01:08:49.293,28.29871377514993
548,1648087518089,8174810941.581019,2022-03-24 02:05:18.089,28.114498054776856
549,1648090825373,8254903153.249117,2022-03-24 03:00:25.373,28.34880232459547
550,1648094538270,8201617432.930928,2022-03-24 04:02:18.270,28.11139867234332
551,1648098122843,8230119461.604397,2022-03-24 05:02:02.843,28.326599405637104
552,1648101836557,8271547168.697787,2022-03-24 06:03:56.557,28.44592505323891
553,1648105402913,8288429018.536078,2022-03-24 07:03:22.913,28.520666026057008
554,1648108978839,8284300818.158562,2022-03-24 08:02:58.839,28.47967465396456
555,1648112489170,8360714202.973543,2022-03-24 09:01:29.170,28.72575712466869
556,1648116105928,8284595513.975336,2022-03-24 10:01:45.928,28.445456810267604
557,1648119781658,8255415912.771723,2022-03-24 11:03:01.658,28.399314471765216
558,1648123336894,8249905716.200241,2022-03-24 12:02:16.894,28.37414172802864
559,1648126871334,8193842119.075463,2022-03-24 13:01:11.334,28.17647148760412
560,1648130601612,8191373378.994959,2022-03-24 14:03:21.612,28.20611256074327
561,1648134155435,8259541269.593017,2022-03-24 15:02:35.435,28.44807489968036
562,1648137761535,8378452159.947064,2022-03-24 16:02:41.535,28.9027635731842
563,1648141360433,8386820721.614524,2022-03-24 17:02:40.433,28.861469885715582
564,1648144926178,8500601721.681224,2022-03-24 18:02:06.178,29.069228144979675
565,1648148586113,8426326844.693686,2022-03-24 19:03:06.113,28.96701724450428
566,1648152109802,8503013055.063666,2022-03-24 20:01:49.802,29.17173646065497
567,1648155625047,8486066314.872142,2022-03-24 21:00:25.047,29.08244342140371
568,1648159327914,8458337279.127845,2022-03-24 22:02:07.914,29.14664674469948
569,1648162963629,8515786281.524929,2022-03-24 23:02:43.629,29.115491410110614
570,1648166551370,8472819923.10294,2022-03-25 00:02:31.370,29.1265733642918
571,1648170204732,8639373640.471828,2022-03-25 01:03:24.732,29.688407180208557
572,1648173776918,8598522527.168259,2022-03-25 02:02:56.918,29.57901876920401
573,1648177300990,8593438161.660488,2022-03-25 03:01:40.990,29.51826603681096
574,1648180938964,8540734310.108505,2022-03-25 04:02:18.964,29.429904507033527
575,1648184424490,8566987569.471152,2022-03-25 05:00:24.490,29.505732767703464
576,1648188257608,8561773918.510077,2022-03-25 06:04:17.608,29.380782705276182
577,1648191733566,8532266475.298504,2022-03-25 07:02:13.566,29.339119740624987
578,1648195428854,8523352511.376087,2022-03-25 08:03:48.854,29.157881179132072
579,1648198871730,8485245028.849513,2022-03-25 09:01:11.730,29.093801217284067
580,1648202650813,8510708416.608092,2022-03-25 10:04:10.813,29.27391128358826
581,1648206255200,8515526456.989328,2022-03-25 11:04:15.200,29.26041876781894
582,1648209789993,8597760742.747805,2022-03-25 12:03:09.993,29.441133437145638
583,1648213393842,8584906261.809967,2022-03-25 13:03:13.842,29.54999959761974
584,1648216842071,8555981038.852839,2022-03-25 14:00:42.071,29.39696210115205
585,1648220582050,8565897809.976379,2022-03-25 15:03:02.050,29.419856476545984
586,1648224205141,8368364065.254094,2022-03-25 16:03:25.141,28.62422785155223
587,1648227832353,8264054163.296533,2022-03-25 17:03:52.353,28.213870561262503
588,1648231351969,8128440063.352784,2022-03-25 18:02:31.969,27.964679782940653
589,1648234925375,8195964880.596137,2022-03-25 19:02:05.375,28.151508559179756
590,1648238480676,8171926608.639798,2022-03-25 20:01:20.676,28.11968727302163
591,1648242161763,8224371252.004976,2022-03-25 21:02:41.763,28.32251339066596
592,1648245754034,8225645730.345626,2022-03-25 22:02:34.034,28.29588024454325
593,1648249280944,8199966857.206932,2022-03-25 23:01:20.944,28.06896717176078
594,1648252812138,8198810157.566358,2022-03-26 00:00:12.138,28.127654834499385
595,1648256467623,8204949177.762251,2022-03-26 01:01:07.623,28.07639875868412
596,1648260206697,8207305287.975573,2022-03-26 02:03:26.697,28.17386354105833
597,1648263746178,8214055601.354895,2022-03-26 03:02:26.178,28.115462724033023
598,1648267427479,8233741811.934448,2022-03-26 04:03:47.479,28.31723057911497
599,1648270954013,8276765678.489595,2022-03-26 05:02:34.013,28.41190456271428
600,1648274477240,8289570208.811402,2022-03-26 06:01:17.240,28.47490028733467
601,1648278117833,8285096518.4401455,2022-03-26 07:01:57.833,28.463427160846045
602,1648281671149,8316215663.083878,2022-03-26 08:01:11.149,28.652583965096262
603,1648285360508,8330596482.176943,2022-03-26 09:02:40.508,28.58937673271181
604,1648288996964,8305955117.58768,2022-03-26 10:03:16.964,28.546788895985404
605,1648292619703,8304181395.38206,2022-03-26 11:03:39.703,28.52145265607161
606,1648296202740,8367079095.696715,2022-03-26 12:03:22.740,28.823577301621967
607,1648299790311,8340989473.502146,2022-03-26 13:03:10.311,28.7417441165803
608,1648303252732,8303656906.157414,2022-03-26 14:00:52.732,28.569541603564623
609,1648306866936,8307297734.34898,2022-03-26 15:01:06.936,28.48027508830973
610,1648310568296,8356399712.8865,2022-03-26 16:02:48.296,28.63870418971334
611,1648314164924,8336707599.931204,2022-03-26 17:02:44.924,28.64535938663944
612,1648317789723,8353372020.005051,2022-03-26 18:03:09.723,28.69578560693687
613,1648321413084,8360380197.476717,2022-03-26 19:03:33.084,28.712884864230386
614,1648324812743,8371075361.709149,2022-03-26 20:00:12.743,28.753258086416384
615,1648328576696,8366635398.411157,2022-03-26 21:02:56.696,28.70806479104173
616,1648332156347,8321362894.06504,2022-03-26 22:02:36.347,28.608990545798463
617,1648335685400,8361149139.735353,2022-03-26 23:01:25.400,28.70995447755628
618,1648339407977,8405661740.905608,2022-03-27 00:03:27.977,28.78864456592862
619,1648342835654,8392054098.127798,2022-03-27 01:00:35.654,28.828646578240097
620,1648346501980,8434236503.9720335,2022-03-27 02:01:41.980,29.00348999412076
621,1648350020927,8407190640.038462,2022-03-27 03:00:20.927,28.88132939408044
622,1648353615519,8397447317.862313,2022-03-27 04:00:15.519,28.84648601736451
623,1648357325014,8403940066.951256,2022-03-27 05:02:05.014,28.899611999169128
624,1648360950594,8415432727.466239,2022-03-27 06:02:30.594,28.886042554634734
625,1648364449845,8413541777.746491,2022-03-27 07:00:49.845,28.90595887672165
626,1648368052979,8423231307.192885,2022-03-27 08:00:52.979,28.91320875350217
627,1648371729123,8398585601.479429,2022-03-27 09:02:09.123,28.816368834418288
628,1648375496487,8388428334.769354,2022-03-27 10:04:56.487,28.743398798035823
629,1648378942293,8349588525.931441,2022-03-27 11:02:22.293,28.63610862815092
630,1648382512596,8348856906.300946,2022-03-27 12:01:52.596,28.6491175955756
631,1648386048629,8278447725.533521,2022-03-27 13:00:48.629,28.294993654688643
632,1648389716906,8264844039.701573,2022-03-27 14:01:56.906,28.385818424699128
633,1648393307482,8302015974.892742,2022-03-27 15:01:47.482,28.503204234032157
634,1648396980025,8335304039.654479,2022-03-27 16:03:00.025,28.60776578255661
635,1648400508334,8345659632.355019,2022-03-27 17:01:48.334,28.695899713388936
636,1648404085287,8356506318.171686,2022-03-27 18:01:25.287,28.73389806496708
637,1648407660384,8360988224.807642,2022-03-27 19:01:00.384,28.74879965910053
638,1648411336325,8409039399.53429,2022-03-27 20:02:16.325,28.86449749440996
639,1648414875062,8429283803.684278,2022-03-27 21:01:15.062,29.189499563429557
640,1648418446487,8559235180.7498865,2022-03-27 22:00:46.487,29.37853532673371
641,1648422126907,8585911761.331486,2022-03-27 23:02:06.907,29.46113565481801
642,1648425779964,8659657391.170542,2022-03-28 00:02:59.964,29.76873478950538
643,1648429429652,8808873322.484577,2022-03-28 01:03:49.652,30.403985821830428
644,1648432867993,8819789430.509905,2022-03-28 02:01:07.993,30.25391804809117
645,1648436523367,8839163451.09787,2022-03-28 03:02:03.367,30.411389808611023
646,1648440215302,8827172387.679277,2022-03-28 04:03:35.302,30.296192400423813
647,1648443603942,8835816544.09939,2022-03-28 05:00:03.942,30.31610086855549
648,1648447256532,8838242920.47971,2022-03-28 06:00:56.532,30.40833958287434
649,1648450966952,8809268002.952646,2022-03-28 07:02:46.952,30.18134441621481
650,1648454490218,8834741106.585075,2022-03-28 08:01:30.218,30.300834337761263
651,1648458152051,8811395749.393202,2022-03-28 09:02:32.051,30.298020195206277
652,1648461687571,8852045487.07605,2022-03-28 10:01:27.571,30.42113042795577
653,1648465225992,8864835243.008358,2022-03-28 11:00:25.992,30.372331385055503
654,1648468909296,8860657359.793064,2022-03-28 12:01:49.296,30.363721828119537
655,1648472581608,8833820245.45258,2022-03-28 13:03:01.608,30.3492272908872
656,1648476144916,8967291416.341654,2022-03-28 14:02:24.916,30.99455806589108
657,1648479633410,8963208158.957125,2022-03-28 15:00:33.410,30.894025007862133
658,1648483280416,8916115128.544464,2022-03-28 16:01:20.416,30.575232387561936
659,1648487388606,8943744739.853334,2022-03-28 17:09:48.606,30.67323561895966
660,1648490598477,8970301995.083567,2022-03-28 18:03:18.477,30.803941342515785
661,1648494053144,8927262208.588694,2022-03-28 19:00:53.144,30.808046111015692
662,1648497753706,9058178785.786024,2022-03-28 20:02:33.706,30.976111484203617
663,1648501496541,9060119673.094452,2022-03-28 21:04:56.541,31.31964651360551
664,1648505104621,8880609918.921696,2022-03-28 22:05:04.621,30.473460372895858
665,1648508718087,8855108520.041866,2022-03-28 23:05:18.087,30.14394668413019
666,1648512292599,8555846760.712072,2022-03-29 00:04:52.599,29.358371179439903
667,1648515734886,8698600841.933578,2022-03-29 01:02:14.886,29.84287329215296
668,1648519312358,8792805648.229588,2022-03-29 02:01:52.358,30.195755740921943
669,1648522926464,8782098329.69072,2022-03-29 03:02:06.464,30.081594219163527
670,1648526463247,8730206538.3998,2022-03-29 04:01:03.247,29.893368509195344
671,1648530131387,8852363843.293774,2022-03-29 05:02:11.387,30.413497751409103
672,1648533678900,9024015039.596975,2022-03-29 06:01:18.900,30.900726649648757
673,1648537289795,8975064592.051289,2022-03-29 07:01:29.795,30.75416690104042
674,1648540941559,8938063057.930706,2022-03-29 08:02:21.559,30.730758142929844
675,1648544511771,8974782103.654108,2022-03-29 09:01:51.771,30.77339025512125
676,1648548122455,8945902595.313484,2022-03-29 10:02:02.455,30.610753782737078
677,1648552130225,8911446797.391329,2022-03-29 11:08:50.225,30.572553879732443
678,1648555326824,8953633306.51401,2022-03-29 12:02:06.824,30.757533010417635
679,1648558959708,8996883119.889975,2022-03-29 13:02:39.708,30.900353933401316
680,1648562534642,9121465479.221104,2022-03-29 14:02:14.642,31.1594105827958
681,1648566071250,9123671376.229448,2022-03-29 15:01:11.250,31.34256560465646
682,1648569714082,9025223355.342691,2022-03-29 16:01:54.082,30.549454911802503
683,1648573210423,8902916901.59012,2022-03-29 17:00:10.423,30.56553192818144
684,1648576930280,8834694016.166733,2022-03-29 18:02:10.280,30.37353345370116
685,1648580446132,8840277626.085257,2022-03-29 19:00:46.132,30.29921751740435
686,1648584102649,8859488921.777369,2022-03-29 20:01:42.649,30.393238868537964
687,1648587617547,8864052953.432335,2022-03-29 21:00:17.547,30.127935032892797
688,1648591282055,8739783055.463274,2022-03-29 22:01:22.055,29.873047436017195
689,1648594863643,8687072870.353182,2022-03-29 23:01:03.643,29.7992149210424
690,1648598523185,8793673815.033918,2022-03-30 00:02:03.185,30.225754587846527
691,1648602431218,8732191910.21261,2022-03-30 01:07:11.218,29.95480566241194
692,1648605614133,8606726327.49464,2022-03-30 02:00:14.133,29.530056616298676
693,1648609227314,8690351710.08644,2022-03-30 03:00:27.314,29.806783602465785
694,1648609391032,8690351710.08644,2022-03-30 03:03:11.032,29.82326626235865
695,1648612925437,8710345465.257208,2022-03-30 04:02:05.437,29.97628756748548
696,1648616502031,8719883963.845913,2022-03-30 05:01:42.031,29.96477821026247
697,1648620150989,8827069476.925531,2022-03-30 06:02:30.989,30.37406041628712
698,1648623809473,8827665827.196886,2022-03-30 07:03:29.473,30.32786010982873
699,1648627307195,8867862150.790462,2022-03-30 08:01:47.195,30.484802758516206
700,1648630948338,8918298262.232052,2022-03-30 09:02:28.338,30.4432813888867
701,1648634451726,8820261650.802038,2022-03-30 10:00:51.726,30.16753680545796
702,1648638027514,8806848189.185188,2022-03-30 11:00:27.514,30.23638522765389
703,1648641734746,8809445141.751488,2022-03-30 12:02:14.746,30.238850850197892
704,1648645407184,8761486292.518805,2022-03-30 13:03:27.184,30.112995853804584
705,1648648883340,8688506344.724268,2022-03-30 14:01:23.340,29.86617723630244
706,1648652507739,8782012884.282845,2022-03-30 15:01:47.739,30.131159646393595
707,1648656138896,8773915528.627682,2022-03-30 16:02:18.896,30.2261589506378
708,1648659611261,9066402455.699375,2022-03-30 17:00:11.261,31.03166097653438
709,1648663285395,9024969139.722204,2022-03-30 18:01:25.395,31.12168951901542
710,1648666878986,8981797293.819607,2022-03-30 19:01:18.986,30.822581624507222
711,1648670469568,8798665623.365417,2022-03-30 20:01:09.568,30.156215301687617
712,1648674028137,8806344597.984705,2022-03-30 21:00:28.137,30.31648980388006
713,1648677758858,8835385519.81284,2022-03-30 22:02:38.858,30.19146656121133
714,1648681346462,8819507599.207594,2022-03-30 23:02:26.462,30.1376234396692
715,1648684949264,8835687470.907724,2022-03-31 00:02:29.264,30.210380781681472
716,1648688484547,8827683123.954727,2022-03-31 01:01:24.547,30.26791295659372
717,1648692013185,8912308768.359646,2022-03-31 02:00:13.185,30.61800111442888
718,1648695759667,8897493961.263805,2022-03-31 03:02:39.667,30.616968968722983
719,1648699291771,8855214652.87063,2022-03-31 04:01:31.771,30.31218487224197
720,1648702900894,8757553474.23586,2022-03-31 05:01:40.894,30.103472751732596
721,1648706559239,8848752383.560162,2022-03-31 06:02:39.239,30.36956943137595
